row_idx,lexunit,primary_cluster,clusters_above_threshold
0,"('$', 'NOUN')",6,"[(2, 0.128206817996798), (4, 0.10031839479628517), (5, 0.1459770486041032), (6, 0.16058179516475574), (7, 0.13425617271726506), (8, 0.11890324043113745)]"
1,"('%', 'NOUN')",5,"[(5, 0.15485693440929038), (6, 0.12962667559768176), (7, 0.14714014656720215), (8, 0.13307938836536654)]"
2,"('&', 'CCONJ')",1,"[(0, 0.11427567214695541), (1, 0.19492186520842017), (3, 0.11920833642674886), (4, 0.10873204093335137)]"
3,"('/', 'ADP')",1,"[(0, 0.14366121927568976), (1, 0.4049688184573576)]"
4,"('/', 'CCONJ')",1,"[(0, 0.11638331436529192), (1, 0.311771655803515), (3, 0.1302951436553369)]"
5,"('0', 'NUM')",6,"[(1, 0.1443836021365956), (2, 0.12566892170388752), (6, 0.25439340972825064)]"
6,"('1', 'NUM')",0,"[(0, 0.18160111007859342), (7, 0.15763667559464684), (8, 0.1289717190308394)]"
7,"('10', 'NUM')",7,"[(0, 0.1076125930542183), (1, 0.1795173761827946), (7, 0.22391201500208913), (8, 0.1376873098909001)]"
9,"('11', 'NUM')",7,"[(7, 0.42547516829051624), (8, 0.2030365113480191)]"
10,"('12', 'NUM')",7,"[(0, 0.12709695603489096), (1, 0.14088790059654635), (7, 0.25797112971032404), (8, 0.15337550650366488)]"
11,"('13', 'NUM')",7,"[(7, 0.3742529871940466), (8, 0.18327493167679154)]"
12,"('14', 'NUM')",7,"[(0, 0.10107816743270495), (7, 0.32330661179961234), (8, 0.1680867551734479)]"
13,"('15', 'NUM')",7,"[(0, 0.1297340402515728), (1, 0.1603779950414712), (7, 0.24523147154667596), (8, 0.14748540860340595)]"
14,"('150', 'NUM')",1,"[(0, 0.1105248589851515), (1, 0.43651097941870626)]"
15,"('16', 'NUM')",7,"[(0, 0.11320648477475778), (7, 0.3284379749491136), (8, 0.17487882574129684)]"
16,"('17', 'NUM')",7,"[(0, 0.10105732160296141), (7, 0.3754247693872799), (8, 0.18771487345880064)]"
17,"('18', 'NUM')",7,"[(7, 0.3896181555452322), (8, 0.19005458449949714)]"
18,"('1868', 'NUM')",6,"[(2, 0.10012523567926215), (6, 0.6652375237271293)]"
19,"('19', 'NUM')",7,"[(7, 0.3771753849417788), (8, 0.19418241571272554)]"
20,"('1905', 'NUM')",6,"[(2, 0.17278552957963658), (6, 0.5540165316600602)]"
34,"('1934', 'NUM')",6,"[(2, 0.1397578838033519), (6, 0.665679057596538)]"
35,"('1935', 'NUM')",6,"[(2, 0.16039932756992023), (6, 0.6394950844751337)]"
65,"('1966', 'NUM')",6,"[(2, 0.10633911924514201), (6, 0.7648759347812193)]"
73,"('1974', 'NUM')",6,"[(2, 0.15583141832760347), (6, 0.7199599807170936)]"
91,"('1992', 'NUM')",6,"[(2, 0.18639378542885718), (6, 0.6268848013368776)]"
100,"('1er', 'NUM')",7,"[(7, 0.41252365395216556), (8, 0.21613260062302195)]"
101,"('2', 'NUM')",1,"[(0, 0.12445369998625429), (1, 0.303414690046169), (7, 0.13424286707723124)]"
102,"('20', 'NUM')",7,"[(0, 0.12740588312722964), (1, 0.18788873748158103), (7, 0.2240917589109734), (8, 0.13943960106475323)]"
117,"('21', 'NUM')",7,"[(7, 0.43947191661910573), (8, 0.1949505176668608)]"
118,"('22', 'NUM')",7,"[(0, 0.10056046409807391), (7, 0.3562420535184846), (8, 0.18293631302717575)]"
119,"('23', 'NUM')",7,"[(0, 0.10389656605151562), (7, 0.3608590328914073), (8, 0.18785738451364734)]"
120,"('24', 'NUM')",7,"[(0, 0.11297202010473358), (7, 0.3534389275709065), (8, 0.18268517984676608)]"
121,"('25', 'NUM')",7,"[(7, 0.4341721901977027), (8, 0.19732609311643579)]"
122,"('26', 'NUM')",7,"[(7, 0.4295049070277399), (8, 0.20541793657408827)]"
123,"('27', 'NUM')",7,"[(7, 0.4510832342831149), (8, 0.2046971914268111)]"
124,"('28', 'NUM')",7,"[(7, 0.43883967537025387), (8, 0.20441898327945993)]"
125,"('29', 'NUM')",7,"[(7, 0.4138815845878244), (8, 0.20871689008608627)]"
127,"('3', 'NUM')",1,"[(0, 0.12436623275024807), (1, 0.2364119007524893), (7, 0.17873678325154546), (8, 0.11796291802208858)]"
128,"('30', 'NUM')",7,"[(0, 0.11273842362085168), (1, 0.11565655132538882), (7, 0.28137930934021055), (8, 0.16775511756295886)]"
129,"('31', 'NUM')",7,"[(7, 0.4565112492722796), (8, 0.20042211205738064)]"
135,"('4', 'NUM')",1,"[(0, 0.14015651700397105), (1, 0.30540266182027365), (7, 0.14666157674006217), (8, 0.10363486091414893)]"
137,"('400', 'NUM')",1,"[(0, 0.11282821495222323), (1, 0.45106311469706806)]"
139,"('45', 'NUM')",1,"[(1, 0.36162919761966555), (6, 0.1156749066687734)]"
140,"('5', 'NUM')",1,"[(0, 0.13076095621094203), (1, 0.2062956179442842), (7, 0.205913638343498), (8, 0.1301422288847414)]"
142,"('500', 'NUM')",1,"[(0, 0.10058478242318569), (1, 0.46383103387867736)]"
143,"('6', 'NUM')",7,"[(7, 0.36137530134020646), (8, 0.1880071072732883)]"
145,"('7', 'NUM')",7,"[(0, 0.1092054902948621), (7, 0.34558800414914154), (8, 0.1778192541113745)]"
146,"('70', 'NUM')",1,"[(1, 0.35515663086222293), (6, 0.1145855616296427)]"
148,"('8', 'NUM')",7,"[(0, 0.11980297595121105), (1, 0.10549778911825315), (7, 0.30500227564377375), (8, 0.16481704331419714)]"
150,"('9', 'NUM')",7,"[(7, 0.3913349944001146), (8, 0.1954510013770737)]"
152,"('=', 'VERB')",5,"[(5, 0.3052227459239121), (7, 0.1128635287845064), (8, 0.10917645430112376)]"
153,"('A', 'PROPN')",2,"[(2, 0.2467208499728109), (4, 0.1404883840062066), (6, 0.13660923249662008), (7, 0.11073511910066032), (8, 0.10556143514851195)]"
155,"('Afrique', 'PROPN')",2,"[(2, 0.27727512450127945), (7, 0.2671754487538477), (8, 0.24237102745276)]"
158,"('Alex', 'PROPN')",4,"[(2, 0.2839516320910201), (4, 0.4076744520242908)]"
161,"('Algérie', 'PROPN')",8,"[(2, 0.23832299690214281), (7, 0.27716681508151986), (8, 0.28117994431281135)]"
162,"('Allemagne', 'PROPN')",2,"[(2, 0.5642004286459592), (7, 0.11783925661714277), (8, 0.13993746456199932)]"
163,"('Amérique', 'PROPN')",2,"[(2, 0.31968323345678135), (7, 0.18559599338715618), (8, 0.2657874396855117)]"
168,"('Auckland', 'PROPN')",2,"[(2, 0.5837454949392472), (6, 0.11152859747973957)]"
171,"('B', 'PROPN')",9,"[(4, 0.1107234916430253), (9, 0.21512346879306973)]"
175,"('Berlin', 'PROPN')",2,"[(2, 0.6589533082241912), (6, 0.12871207350241792)]"
179,"('Bourgogne', 'PROPN')",2,"[(2, 0.5326164099955533), (6, 0.17301013357284686)]"
181,"('Bruxelles', 'PROPN')",2,"[(2, 0.5227346942225762), (6, 0.1393019023246346)]"
182,"('Brésil', 'PROPN')",7,"[(7, 0.6815277969879125), (8, 0.1316347770835547)]"
183,"('Bulgarie', 'PROPN')",2,"[(2, 0.5296810439775319), (8, 0.17777857469375588)]"
184,"('C', 'NOUN')",7,"[(2, 0.11372084840776145), (5, 0.11298435954842172), (7, 0.1281890193485924), (8, 0.10330703053430354), (9, 0.10424092434626148)]"
186,"('Californie', 'PROPN')",2,"[(2, 0.6725019162611631), (6, 0.13079578029798497)]"
187,"('Canada', 'PROPN')",7,"[(7, 0.650082518805145), (8, 0.14074474031780004)]"
190,"('Chine', 'PROPN')",8,"[(7, 0.10582569945385353), (8, 0.75854064608076)]"
192,"('Côte', 'PROPN')",8,"[(2, 0.1621502912332324), (4, 0.12570312701899136), (7, 0.17999212203199386), (8, 0.3000750081764553)]"
194,"('Danemark', 'PROPN')",7,"[(7, 0.6523912628920486), (8, 0.14198409494170047)]"
198,"('Disney', 'PROPN')",4,"[(2, 0.1622607028017326), (4, 0.5415992290539648)]"
201,"('Espagne', 'PROPN')",2,"[(2, 0.6195810962690521), (7, 0.10863849065153101), (8, 0.10882399555451071)]"
202,"('Etats-Unis', 'PROPN')",7,"[(7, 0.32058606194837735), (8, 0.26269077365578447)]"
212,"('Grand', 'PROPN')",7,"[(7, 0.509788750515977), (8, 0.18865540960386082)]"
213,"('Grande-Bretagne', 'PROPN')",8,"[(2, 0.26456764150979417), (7, 0.15817067746713717), (8, 0.32194617147673577)]"
214,"('Grèce', 'PROPN')",8,"[(7, 0.13031872336311648), (8, 0.6807892547354703)]"
220,"('I', 'NUM')",6,"[(2, 0.11934137433333174), (6, 0.26304100728510554)]"
221,"('II', 'NUM')",6,"[(2, 0.1200533250612039), (6, 0.2255049241942895)]"
222,"('III', 'NUM')",6,"[(2, 0.11199236066419971), (6, 0.32404959911843734)]"
223,"('IV', 'NUM')",6,"[(2, 0.12445180505746707), (6, 0.23634856154359063)]"
224,"('Inde', 'PROPN')",2,"[(2, 0.3832124444622903), (7, 0.18898149454336888), (8, 0.2204929336193274)]"
225,"('Internet', 'PROPN')",2,"[(2, 0.21137257717063068), (3, 0.10474986456278042), (4, 0.16105955654533266), (6, 0.16569316990997593)]"
226,"('Irak', 'PROPN')",8,"[(2, 0.11802122781310757), (7, 0.332612209035815), (8, 0.3384241968858897)]"
227,"('Iran', 'PROPN')",7,"[(2, 0.2114338873081389), (7, 0.2750933269624007), (8, 0.2632068049067987)]"
231,"('Ivoire', 'PROPN')",2,"[(2, 0.4002368610638839), (6, 0.1535610161719264)]"
232,"('J.-C.', 'PROPN')",2,"[(2, 0.44170454168501655), (6, 0.17726591614983514)]"
235,"('Japon', 'PROPN')",7,"[(7, 0.6710182435947906), (8, 0.13922593403018135)]"
238,"('Jeanne', 'PROPN')",4,"[(2, 0.12070948217475165), (4, 0.5306389352758337)]"
243,"('Libye', 'PROPN')",2,"[(2, 0.4368038097009797), (7, 0.11309608284359267), (8, 0.27169344419794894)]"
245,"('Liège', 'PROPN')",2,"[(2, 0.5381084490586202), (6, 0.15530563257121538)]"
246,"('Loire', 'PROPN')",8,"[(7, 0.17094587921833554), (8, 0.5319390294369455)]"
248,"('Lord', 'PROPN')",4,"[(4, 0.3942093912437629), (5, 0.12588657306867607), (7, 0.18561982238506972)]"
250,"('Los', 'PROPN')",4,"[(2, 0.1475237530240489), (4, 0.5768752734221384)]"
253,"('M.', 'NOUN')",4,"[(4, 0.4890190964335836), (7, 0.10389541938772962)]"
254,"('Madrid', 'PROPN')",2,"[(2, 0.6709391050024919), (6, 0.12425043866042457)]"
255,"('Mali', 'PROPN')",7,"[(7, 0.6125947803019353), (8, 0.15128114718830163)]"
256,"('Mans', 'PROPN')",7,"[(7, 0.5495330810909818), (8, 0.16774694545772362)]"
259,"('Maroc', 'PROPN')",7,"[(7, 0.7466706929462216), (8, 0.11467514694428375)]"
263,"('Mauritanie', 'PROPN')",8,"[(7, 0.17737600999105949), (8, 0.5815041269593887)]"
264,"('Mexique', 'PROPN')",7,"[(7, 0.7333511639328602), (8, 0.11778794041159477)]"
267,"('Milan', 'PROPN')",7,"[(2, 0.17172775021133202), (4, 0.15551145444141323), (7, 0.3268233325308622), (8, 0.14252690174568658)]"
268,"('Montréal', 'PROPN')",2,"[(2, 0.7154510366485691), (6, 0.11560047312926343)]"
269,"('Moscou', 'PROPN')",2,"[(2, 0.6852716342019441), (6, 0.11793736233852029)]"
270,"('Méditerranée', 'PROPN')",2,"[(2, 0.437071178128063), (8, 0.17502102922173743)]"
271,"('Nantes', 'PROPN')",2,"[(2, 0.7383952533739099), (6, 0.10277145693815477)]"
272,"('Napoléon', 'PROPN')",2,"[(2, 0.21490435346901932), (3, 0.11308061169576675), (4, 0.21022735201858286), (6, 0.10043306371370131)]"
274,"('Nice', 'PROPN')",2,"[(2, 0.6746393025131704), (6, 0.11813751800391017)]"
276,"('Norvège', 'PROPN')",2,"[(2, 0.5947187619007899), (8, 0.1350968550246356)]"
277,"('Notre-Dame', 'PROPN')",4,"[(2, 0.15038839865235473), (4, 0.19829334152755612), (5, 0.10843105077250119), (7, 0.10215021403419079), (8, 0.11066614288820316)]"
278,"('Noël', 'PROPN')",2,"[(2, 0.4883439315953613), (4, 0.18751258015325742), (6, 0.10565732442945247)]"
279,"('ONU', 'PROPN')",7,"[(7, 0.3341338432969481), (8, 0.327037558974884)]"
280,"('Occident', 'PROPN')",7,"[(2, 0.11454944441955779), (7, 0.43996784809344053), (8, 0.28530118695628814)]"
281,"('Orléans', 'PROPN')",2,"[(2, 0.6950827009715911), (6, 0.11523570930921793)]"
282,"('PS', 'PROPN')",7,"[(2, 0.1472732817032166), (7, 0.26680944962632885), (8, 0.15401446887258188)]"
286,"('Pays-Bas', 'PROPN')",7,"[(2, 0.11995549511279259), (7, 0.2719759126671662), (8, 0.2495740711791189)]"
289,"('Pokémon', 'PROPN')",7,"[(5, 0.10041433945425117), (7, 0.46454773751700745), (8, 0.1447004879501897)]"
291,"('Portugal', 'PROPN')",7,"[(7, 0.7191185295644995), (8, 0.11917184307066397)]"
292,"('Québec', 'PROPN')",7,"[(2, 0.11861781459870832), (7, 0.557751003496943), (8, 0.1454763069487084)]"
295,"('Renaissance', 'PROPN')",8,"[(7, 0.17151899170964643), (8, 0.6199769525083518)]"
296,"('Rennes', 'PROPN')",2,"[(2, 0.4396603483196014), (4, 0.12829948008909736), (6, 0.14914405291271396)]"
300,"('Roumanie', 'PROPN')",2,"[(2, 0.2653174552528762), (7, 0.15075567660889475), (8, 0.2538877654500852)]"
301,"('Royal', 'PROPN')",8,"[(4, 0.11658406886411798), (7, 0.1873398931954066), (8, 0.41150109048638334)]"
302,"('Royaume-Uni', 'PROPN')",7,"[(7, 0.6383659569167964), (8, 0.1465768004096572)]"
303,"('Russie', 'PROPN')",8,"[(7, 0.10584122834311718), (8, 0.7734130632868584)]"
304,"('Sahara', 'PROPN')",7,"[(7, 0.5369662521465971), (8, 0.17227896622527536)]"
308,"('Serbie', 'PROPN')",2,"[(2, 0.33948289882539157), (7, 0.1308735178007216), (8, 0.23336742381705516)]"
309,"('Strasbourg', 'PROPN')",2,"[(2, 0.7574296812087887), (6, 0.1037841956654559)]"
310,"('Suisse', 'PROPN')",2,"[(2, 0.35877306659833286), (7, 0.12955498941886281), (8, 0.22467714647660794)]"
311,"('Suède', 'PROPN')",8,"[(2, 0.14654065451497028), (7, 0.18442676572339664), (8, 0.41309624693223396)]"
312,"('Texas', 'PROPN')",7,"[(2, 0.11319381193783193), (7, 0.4509942876443525), (8, 0.1641075966564959)]"
316,"('Tunis', 'PROPN')",2,"[(2, 0.6431060892803447), (6, 0.140995435488519)]"
317,"('Tunisie', 'PROPN')",8,"[(2, 0.20095046016467405), (7, 0.15905018193183162), (8, 0.40755232814067005)]"
318,"('Turquie', 'PROPN')",2,"[(2, 0.434729554187037), (7, 0.11146608367874405), (8, 0.2403491942683898)]"
319,"('UE', 'PROPN')",7,"[(7, 0.3788418508867883), (8, 0.34437519776911263)]"
320,"('UEFA', 'PROPN')",8,"[(2, 0.13212893139490214), (7, 0.24798909149848208), (8, 0.26787093274317647)]"
321,"('V', 'NUM')",6,"[(2, 0.12668639262267054), (5, 0.10169490575876348), (6, 0.1940574301943564), (7, 0.1088495284503836), (8, 0.10673620154628301)]"
322,"('VI', 'NUM')",6,"[(2, 0.11930028305968522), (6, 0.24202201191008038)]"
323,"('Vancouver', 'PROPN')",2,"[(2, 0.6673589495215515), (6, 0.11994484004868686)]"
324,"('Venezuela', 'PROPN')",7,"[(7, 0.4871814177060807), (8, 0.16225768976700203)]"
327,"('Washington', 'PROPN')",2,"[(2, 0.5418555156448139), (6, 0.11745112530798063)]"
329,"('Windows', 'PROPN')",4,"[(2, 0.1221085266667902), (4, 0.6135507678046234)]"
330,"('X', 'PROPN')",2,"[(2, 0.31754571425522204), (4, 0.1027618093307798), (6, 0.14564497753204922)]"
333,"('XIV', 'NUM')",6,"[(2, 0.1204693721802556), (6, 0.1985066422464096)]"
336,"('XV', 'NUM')",6,"[(2, 0.29900760981743707), (6, 0.40313710181311485)]"
342,"('abandon', 'NOUN')",7,"[(7, 0.822372002426003), (8, 0.11024285329552794)]"
345,"('abbaye', 'NOUN')",8,"[(7, 0.1454938188037999), (8, 0.7611341759528402)]"
346,"('abbé', 'NOUN')",7,"[(7, 0.6676709693197744), (8, 0.16037550994252486)]"
347,"('abordable', 'ADJ')",5,"[(0, 0.10353888469921478), (5, 0.3142777726842569), (7, 0.14475247063986407)]"
350,"('abri', 'NOUN')",7,"[(7, 0.5554998782077185), (8, 0.24647656476231453)]"
352,"('absence', 'NOUN')",8,"[(7, 0.16671687852682307), (8, 0.7378601021609092)]"
363,"('accueil', 'NOUN')",7,"[(7, 0.8045188063174538), (8, 0.10535174525315662)]"
365,"('accusation', 'NOUN')",8,"[(7, 0.22226747300231176), (8, 0.5729464678001203)]"
367,"('accès', 'NOUN')",7,"[(7, 0.7425150401314781), (8, 0.11032468234307886)]"
369,"('achat', 'NOUN')",7,"[(7, 0.6493965780915019), (8, 0.13392491616270166)]"
372,"('acide', 'NOUN')",7,"[(7, 0.5276702039063693), (8, 0.16131152474158353)]"
375,"('acteur', 'NOUN')",7,"[(7, 0.785955349317199), (8, 0.10362747581361703)]"
376,"('actif', 'ADJ')",9,"[(0, 0.13266677267068203), (5, 0.20440955678667977), (7, 0.10822807930170604), (9, 0.25883709019226026)]"
379,"('actrice', 'NOUN')",8,"[(5, 0.14102314508460148), (7, 0.18532167799748633), (8, 0.47558081582602835)]"
380,"('actualité', 'NOUN')",8,"[(7, 0.18401625651022052), (8, 0.6623552138247333)]"
381,"('actuel', 'ADJ')",9,"[(0, 0.22119701720165208), (9, 0.6709475721572061)]"
383,"('adaptation', 'NOUN')",8,"[(7, 0.10931288986104552), (8, 0.8130330432267827)]"
386,"('administrateur', 'NOUN')",7,"[(5, 0.26106416835242985), (7, 0.42574171484187906), (8, 0.1308852421973551)]"
393,"('adulte', 'NOUN')",7,"[(7, 0.630980309496044), (8, 0.15922598006246833)]"
394,"('adversaire', 'NOUN')",7,"[(7, 0.7046937604528184), (8, 0.14627776049228342)]"
399,"('affluent', 'NOUN')",7,"[(5, 0.15693357423589402), (7, 0.49733633280352174), (8, 0.17535064524963048)]"
400,"('affrontement', 'NOUN')",7,"[(7, 0.6851047949984569), (8, 0.13827415891323544)]"
402,"('afin', 'ADV')",3,"[(3, 0.24102118962448196), (5, 0.1501535337278957), (7, 0.10605288191041297), (8, 0.10354166479260353)]"
409,"('agriculture', 'NOUN')",8,"[(7, 0.19780598670408014), (8, 0.6116018114417279)]"
410,"('agréable', 'ADJ')",5,"[(0, 0.14312181791154116), (5, 0.27289461707534485), (7, 0.12459386689398236), (8, 0.10652012932191943)]"
411,"('aide', 'NOUN')",8,"[(7, 0.11418341908550936), (8, 0.829189324790962)]"
414,"('ailleurs', 'ADV')",3,"[(3, 0.4452107058599837), (5, 0.1126827698128331)]"
421,"('alcool', 'NOUN')",2,"[(2, 0.34736420851337646), (7, 0.25932672852977273), (8, 0.12324532555524427)]"
422,"('alentours', 'NOUN')",7,"[(7, 0.4995371771514769), (8, 0.20201886754658094)]"
430,"('altitude', 'NOUN')",8,"[(2, 0.11856374776871623), (7, 0.11727395544809352), (8, 0.613909589186605)]"
431,"('ambiance', 'NOUN')",8,"[(7, 0.11064368024338368), (8, 0.8018227033775327)]"
432,"('ambition', 'NOUN')",8,"[(7, 0.16993894421226544), (8, 0.6625688566215945)]"
434,"('ami', 'NOUN')",7,"[(7, 0.5874698282046636), (8, 0.15095571883448244)]"
435,"('amie', 'NOUN')",8,"[(7, 0.18020899310966504), (8, 0.5329248355680117)]"
437,"('amphibien', 'NOUN')",2,"[(2, 0.4135939251731397), (6, 0.12839140485149864), (7, 0.12670154544396373)]"
438,"('amélioration', 'NOUN')",8,"[(7, 0.1361072257240248), (8, 0.7577106834399661)]"
442,"('américain', 'NOUN')",7,"[(7, 0.563771172469478), (8, 0.1877259706708882)]"
443,"('an', 'NOUN')",7,"[(2, 0.13441417260673993), (5, 0.10680863745931309), (6, 0.13289066223491722), (7, 0.22213824746692218), (8, 0.11919539142771204)]"
446,"('ancêtre', 'NOUN')",7,"[(7, 0.6348578892878683), (8, 0.15096061291988977)]"
448,"('anglais', 'NOUN')",7,"[(2, 0.3021028346833828), (7, 0.3570065009773679), (8, 0.11197854603258788)]"
450,"('animation', 'NOUN')",8,"[(2, 0.10791452131600986), (7, 0.11187177263952498), (8, 0.6346501820749575)]"
456,"('année', 'NOUN')",8,"[(7, 0.1137154231962273), (8, 0.8037821116423641)]"
457,"('antique', 'ADJ')",9,"[(0, 0.2470217049699832), (9, 0.611972480629242)]"
458,"('antérieur', 'ADJ')",9,"[(0, 0.11556079486715752), (9, 0.4478024966852899)]"
459,"('août', 'NOUN')",7,"[(2, 0.13076070819422556), (5, 0.10575582416697164), (7, 0.16069731988706784), (8, 0.10966369095784693)]"
463,"('apparence', 'NOUN')",8,"[(7, 0.14391690656198672), (8, 0.6696797602519664)]"
464,"('apparition', 'NOUN')",8,"[(7, 0.16188686074900152), (8, 0.6539606742791962)]"
466,"('appel', 'NOUN')",7,"[(5, 0.13675592021721192), (7, 0.5267301000957514), (8, 0.13602066747385058)]"
473,"('apprentissage', 'NOUN')",7,"[(7, 0.59320047238782), (8, 0.17837412742038355)]"
476,"('approvisionnement', 'NOUN')",7,"[(7, 0.8154520280315327), (8, 0.1023258849733453)]"
478,"('appui', 'NOUN')",7,"[(7, 0.7169370178921262), (8, 0.15621941359002628)]"
480,"('après', 'ADP')",1,"[(1, 0.4969541559802391), (3, 0.1155556771235801)]"
482,"('après-midi', 'NOUN')",7,"[(2, 0.1278801871035602), (7, 0.44911594456428233), (8, 0.1519333180470987)]"
484,"('arabe', 'NOUN')",7,"[(2, 0.13859668437108635), (7, 0.49613542954310985), (8, 0.1550602018375688)]"
489,"('archive', 'NOUN')",8,"[(7, 0.20684297847459565), (8, 0.5592485778338857)]"
490,"('argent', 'NOUN')",7,"[(2, 0.251778230149212), (7, 0.38361253123956135), (8, 0.13073602970133155)]"
491,"('arme', 'NOUN')",8,"[(7, 0.11652074524774121), (8, 0.7480441477062516)]"
492,"('armer', 'VERB')",5,"[(5, 0.30070570075619135), (7, 0.13922393908419115)]"
496,"('arrivée', 'NOUN')",8,"[(7, 0.15331780380328464), (8, 0.7752565709063569)]"
497,"('arrière', 'NOUN')",7,"[(7, 0.7212716701694993), (8, 0.14159372170246554)]"
498,"('arrondissement', 'NOUN')",7,"[(7, 0.6805051941179078), (8, 0.16345039755528992)]"
501,"('arrêté', 'NOUN')",7,"[(7, 0.49943979071784167), (8, 0.1618496388964091)]"
502,"('art', 'NOUN')",7,"[(7, 0.7550039911241283), (8, 0.11070321616481348)]"
505,"('artillerie', 'NOUN')",8,"[(7, 0.12530042305720424), (8, 0.7190226787725065)]"
510,"('assemblée', 'NOUN')",8,"[(7, 0.10179272904800804), (8, 0.819866033212488)]"
511,"('assez', 'ADV')",3,"[(1, 0.12335852938160383), (3, 0.45872168081335757)]"
512,"('assistance', 'NOUN')",8,"[(7, 0.10419237438690152), (8, 0.7753326239503718)]"
526,"('attente', 'NOUN')",8,"[(2, 0.12984668824964407), (7, 0.1417107621874009), (8, 0.5647738319343877)]"
527,"('attention', 'NOUN')",8,"[(7, 0.17023366851648225), (8, 0.634270497529695)]"
532,"('attribut', 'NOUN')",7,"[(7, 0.6970550174252717), (8, 0.14002593455077925)]"
533,"('au-delà', 'ADV')",3,"[(3, 0.28069478635872025), (5, 0.19219588769945975), (8, 0.10060590970150603)]"
534,"('au-dessus', 'ADV')",3,"[(3, 0.2586697105214174), (5, 0.21881591184548946), (7, 0.10986218300701459), (8, 0.1005232434913837)]"
535,"('aucun', 'DET')",0,"[(0, 0.2536081913067587), (1, 0.21405451026992606), (3, 0.10218717926076958)]"
536,"('aucun', 'PRON')",7,"[(3, 0.1649828907246303), (5, 0.155430234374365), (7, 0.1934554884369981), (8, 0.13994286293299485)]"
538,"('augmentation', 'NOUN')",8,"[(7, 0.1346936339836594), (8, 0.7625974545160551)]"
542,"('auprès', 'ADV')",3,"[(3, 0.20610994906292582), (5, 0.20362129787932562), (7, 0.12079424010231155), (8, 0.11274399872976877)]"
546,"('autant', 'PRON')",5,"[(5, 0.317281528529313), (7, 0.13420225282322787), (8, 0.1164089109601325)]"
548,"('automne', 'NOUN')",7,"[(7, 0.6364990294430911), (8, 0.1492306260838545)]"
552,"('autorisation', 'NOUN')",8,"[(7, 0.11901649041658767), (8, 0.7513905475129805)]"
554,"('autorité', 'NOUN')",8,"[(7, 0.17019610622789313), (8, 0.704750161014007)]"
555,"('autoroute', 'NOUN')",8,"[(7, 0.17100987292862785), (8, 0.732295106082659)]"
556,"('autour', 'ADV')",3,"[(3, 0.21226336365314935), (5, 0.2077889022703286), (7, 0.11683508606832173), (8, 0.11284276816709128)]"
557,"('autre', 'ADJ')",0,"[(0, 0.6215274394183611), (1, 0.14538487374696715)]"
558,"('autre', 'PRON')",7,"[(7, 0.35684208139928264), (8, 0.3044069802823483)]"
560,"('aval', 'NOUN')",7,"[(2, 0.11735206309514745), (7, 0.5453950716715449), (8, 0.1705900577478569)]"
561,"('avance', 'NOUN')",8,"[(7, 0.1028059724553759), (8, 0.7850456488869669)]"
563,"('avant', 'ADP')",1,"[(1, 0.4672638569738272), (3, 0.1333294441039548)]"
564,"('avant', 'ADV')",3,"[(3, 0.2760538791737094), (4, 0.10354455143896764), (5, 0.143062448937517)]"
565,"('avant', 'NOUN')",7,"[(7, 0.5542594500927286), (8, 0.17829969965348)]"
566,"('avantage', 'NOUN')",7,"[(7, 0.7173004985523289), (8, 0.1523994725835768)]"
568,"('avenir', 'NOUN')",7,"[(7, 0.6267866459923354), (8, 0.22006098823668485)]"
573,"('avoir', 'AUX')",3,"[(1, 0.10247403297105485), (3, 0.22806391935415143), (5, 0.13953782510420137), (7, 0.10074187140969808)]"
576,"('avril', 'NOUN')",7,"[(2, 0.12745260276510165), (5, 0.10756483506624977), (7, 0.16375935258028165), (8, 0.11091060233784515)]"
581,"('aîné', 'ADJ')",9,"[(0, 0.11189890738455369), (9, 0.5670590235083917)]"
584,"('bain', 'NOUN')",2,"[(2, 0.611452073254547), (7, 0.10045011032959739)]"
587,"('banlieue', 'NOUN')",8,"[(2, 0.107412595345802), (7, 0.10378055950758852), (8, 0.642012347677626)]"
590,"('bar', 'NOUN')",7,"[(7, 0.7583391598561928), (8, 0.10111326489569719)]"
591,"('baron', 'NOUN')",7,"[(7, 0.7476366767482393), (8, 0.10072216975928647)]"
594,"('bas', 'ADJ')",0,"[(0, 0.5708529553236099), (9, 0.1766065270012928)]"
597,"('basse', 'NOUN')",8,"[(7, 0.11603147938878837), (8, 0.7806926919954367)]"
601,"('batterie', 'NOUN')",8,"[(7, 0.10237373807768022), (8, 0.7770120912583587)]"
605,"('beaucoup', 'PRON')",5,"[(3, 0.16720498648885873), (4, 0.10160515133505867), (5, 0.21519115969321265), (7, 0.13796445745139027), (8, 0.12733560822487536)]"
607,"('besoin', 'NOUN')",7,"[(7, 0.639384228181468), (8, 0.13152063292648838)]"
612,"('bilan', 'NOUN')",7,"[(7, 0.8176435045210851), (8, 0.10156519226541645)]"
616,"('blessure', 'NOUN')",8,"[(7, 0.12448832640001814), (8, 0.771853340766215)]"
619,"('bois', 'NOUN')",7,"[(2, 0.2670266987623059), (7, 0.4385508042252229), (8, 0.10802611030695894)]"
622,"('bonheur', 'NOUN')",7,"[(7, 0.5375288929706155), (8, 0.18559734908461387)]"
625,"('bouddhisme', 'NOUN')",7,"[(7, 0.7438078531204204), (8, 0.109734509578562)]"
626,"('bourg', 'NOUN')",7,"[(7, 0.7039432785774437), (8, 0.13284115180523226)]"
628,"('bout', 'NOUN')",7,"[(7, 0.7277050279734649), (8, 0.14645692453224587)]"
633,"('bref', 'INTJ')",3,"[(1, 0.1308498943784584), (3, 0.18034293738263193), (4, 0.10603422783654025), (5, 0.10170806547812647)]"
635,"('britannique', 'NOUN')",7,"[(7, 0.6541144151702983), (8, 0.14556963177642526)]"
636,"('bronze', 'NOUN')",2,"[(2, 0.5331004899036352), (7, 0.1281871482627383)]"
647,"(""c'est-à-dire"", 'CCONJ')",1,"[(0, 0.11025220757400037), (1, 0.29371762752148023), (3, 0.1248780560903051)]"
648,"('cabaret', 'NOUN')",2,"[(2, 0.33384166157727785), (7, 0.3225114023239584), (8, 0.1015440364357474)]"
662,"('capable', 'ADJ')",5,"[(5, 0.4839786844057674), (7, 0.10672642068995783)]"
668,"('car', 'CCONJ')",3,"[(1, 0.14605605889040954), (3, 0.33300364561619483)]"
669,"('caractère', 'NOUN')",7,"[(7, 0.7077591952389942), (8, 0.13771497131114654)]"
671,"('caractéristique', 'ADJ')",9,"[(0, 0.12214607412252781), (5, 0.15214298262126952), (8, 0.11547485758573213), (9, 0.2800014436889853)]"
672,"('caractéristique', 'NOUN')",8,"[(7, 0.1591843885203226), (8, 0.6564530323677418)]"
674,"('carrière', 'NOUN')",8,"[(7, 0.15926597171908927), (8, 0.5525201512300736)]"
677,"('catalogue', 'NOUN')",7,"[(7, 0.801758196771826), (8, 0.11312650019784327)]"
684,"('cavalier', 'NOUN')",7,"[(7, 0.7737707452383937), (8, 0.10473910024301246)]"
685,"('ce', 'DET')",1,"[(0, 0.22895880408077426), (1, 0.2584425256288576)]"
686,"('ce', 'PRON')",5,"[(0, 0.11687408342595933), (3, 0.13313670192806124), (5, 0.15524674805098684), (7, 0.1432831287310211)]"
687,"('ceci', 'PRON')",3,"[(3, 0.20322854991811506), (5, 0.13913664831741446), (7, 0.15195768955386824), (8, 0.10547906530405024)]"
688,"('cela', 'PRON')",3,"[(3, 0.20861669204133262), (5, 0.13547487753242177), (7, 0.15267068808712492), (8, 0.10475940408691861)]"
690,"('celui', 'PRON')",5,"[(5, 0.3545903227072766), (7, 0.16187869828565216), (8, 0.1412031074149854)]"
691,"('celui-ci', 'PRON')",3,"[(3, 0.18751392477929532), (5, 0.12561655203705802), (7, 0.1313176610982101), (8, 0.11570342459794987)]"
692,"('censé', 'ADJ')",5,"[(5, 0.37821888601809733), (7, 0.12171770621341377), (8, 0.10211905422923098)]"
693,"('cent', 'NUM')",1,"[(0, 0.10189657600431215), (1, 0.4649487988869006)]"
694,"('centaine', 'NOUN')",8,"[(7, 0.21654987240702223), (8, 0.47991963801553195)]"
701,"('certain', 'DET')",1,"[(0, 0.13090905628935992), (1, 0.3772806748099388)]"
702,"('certain', 'PRON')",3,"[(3, 0.17255129156476415), (5, 0.16015529981666818), (7, 0.1430780215681999), (8, 0.11245023147008987)]"
705,"('chacun', 'PRON')",5,"[(3, 0.13899117394600763), (5, 0.19442889247898176), (7, 0.18152424256447572), (8, 0.14093753182525945)]"
706,"('chaleureux', 'ADJ')",9,"[(0, 0.145290828198042), (5, 0.14634866004825797), (7, 0.12377012277848402), (9, 0.2746617195974451)]"
711,"('chance', 'NOUN')",8,"[(7, 0.11645155004719215), (8, 0.7332423939429203)]"
722,"('chaque', 'DET')",1,"[(0, 0.20354711120022512), (1, 0.23258164771204423)]"
723,"('charbon', 'NOUN')",7,"[(7, 0.7357912870068588), (8, 0.10298122679499315)]"
733,"('chef-lieu', 'NOUN')",7,"[(5, 0.11869098529514473), (7, 0.5801267596585103), (8, 0.1548868982613455)]"
735,"('cher', 'ADJ')",5,"[(5, 0.38249963864304987), (7, 0.17320070321675557), (8, 0.10340201336937713)]"
737,"('chercheur', 'NOUN')",7,"[(7, 0.6840737118568941), (8, 0.12255691018175863)]"
740,"('chez', 'ADP')",1,"[(1, 0.5094445288522788), (3, 0.10615404254353634)]"
746,"('chose', 'NOUN')",8,"[(7, 0.11114622307746752), (8, 0.786697600427254)]"
748,"('chrétien', 'NOUN')",7,"[(7, 0.6607976161145611), (8, 0.14636312387979902)]"
751,"('chômage', 'NOUN')",7,"[(7, 0.650870131902488), (8, 0.11831128497374963)]"
756,"('cinq', 'NUM')",1,"[(0, 0.11251207060581778), (1, 0.49659731319412065)]"
764,"('citoyen', 'NOUN')",7,"[(7, 0.7903963259933613), (8, 0.10319809771188057)]"
768,"('clair', 'ADJ')",5,"[(0, 0.10321925585730811), (5, 0.3426014871310519), (7, 0.10838476724814591), (9, 0.13769579757129982)]"
776,"('client', 'NOUN')",7,"[(7, 0.7474090607140453), (8, 0.11831442673884489)]"
777,"('clientèle', 'NOUN')",8,"[(7, 0.10846452739324196), (8, 0.7445220090266038)]"
781,"('clé', 'NOUN')",8,"[(7, 0.136117963982832), (8, 0.6739378029356041)]"
782,"('cm', 'NOUN')",7,"[(2, 0.14013166837873878), (5, 0.12349132444143464), (6, 0.14363528664741698), (7, 0.16326984484204343), (8, 0.10671872667983696)]"
783,"('coalition', 'NOUN')",8,"[(7, 0.11413413851961723), (8, 0.7691939085454097)]"
786,"('col', 'NOUN')",7,"[(7, 0.7720476671690385), (8, 0.11398862159551117)]"
800,"('commande', 'NOUN')",8,"[(7, 0.1817870422466301), (8, 0.6849961718628097)]"
804,"('comme', 'CCONJ')",1,"[(0, 0.12575725343348038), (1, 0.23989425307534215), (3, 0.11560634775554847)]"
805,"('comme', 'SCONJ')",3,"[(1, 0.175479319825703), (3, 0.31286808097067864)]"
818,"('communication', 'NOUN')",8,"[(2, 0.13587287559008193), (7, 0.10769737055393358), (8, 0.607830060493711)]"
819,"('communiqué', 'NOUN')",7,"[(7, 0.7008476348558825), (8, 0.130773979693303)]"
822,"('compagnon', 'NOUN')",7,"[(7, 0.6078521948950653), (8, 0.1313267673242564)]"
824,"('compatriote', 'NOUN')",7,"[(5, 0.13441010258642272), (7, 0.271848576543007), (8, 0.20331614942654508)]"
825,"('complet', 'ADJ')",9,"[(0, 0.1333770173601918), (9, 0.5487609475630247)]"
826,"('complexe', 'ADJ')",5,"[(0, 0.1331284651941472), (5, 0.234700788054528), (7, 0.10429945426946036), (8, 0.10449401798817451), (9, 0.13463329880748234)]"
832,"('compositeur', 'NOUN')",7,"[(5, 0.11509192579929102), (7, 0.5758803342582941), (8, 0.10146400681092627)]"
835,"('compte', 'NOUN')",7,"[(7, 0.6774952105399377), (8, 0.11354244560556595)]"
837,"('compétence', 'NOUN')",8,"[(7, 0.14068513925908016), (8, 0.721619951444979)]"
838,"('compétent', 'ADJ')",5,"[(0, 0.10152233503247071), (5, 0.2832394601303528), (7, 0.11489177602375052), (8, 0.1082977542174696), (9, 0.12302007811817037)]"
840,"('comte', 'NOUN')",7,"[(7, 0.7464221755005327), (8, 0.10048543003655448)]"
856,"('condition', 'NOUN')",8,"[(7, 0.16554570138697955), (8, 0.6850906095517258)]"
859,"('confiance', 'NOUN')",8,"[(2, 0.1207583727698906), (7, 0.13617204087445348), (8, 0.46706300138402057)]"
866,"('connaissance', 'NOUN')",8,"[(7, 0.13182953112980933), (8, 0.7389561590648063)]"
868,"('connu', 'ADJ')",7,"[(5, 0.14962509241135954), (7, 0.1921459331094351), (8, 0.15461982326086895)]"
871,"('conscience', 'NOUN')",8,"[(7, 0.11659906517756212), (8, 0.6211829493445574)]"
873,"('conseiller', 'NOUN')",7,"[(5, 0.21742083898048928), (7, 0.43121946611748246), (8, 0.11416327543473538)]"
875,"('conservateur', 'ADJ')",9,"[(0, 0.10097428643590868), (9, 0.6770360093810562)]"
880,"('consommateur', 'NOUN')",7,"[(7, 0.7167338920244494), (8, 0.1351903327390786)]"
894,"('contenu', 'NOUN')",7,"[(7, 0.7978418212932201), (8, 0.10002397334081065)]"
896,"('contexte', 'NOUN')",7,"[(7, 0.7524878595463372), (8, 0.1181100630890452)]"
897,"('continent', 'NOUN')",7,"[(7, 0.706734917604236), (8, 0.12343874183731286)]"
901,"('contrairement', 'ADV')",5,"[(3, 0.2020558407475339), (4, 0.11014842533110455), (5, 0.20493107149113748), (7, 0.10698522335811401), (8, 0.10548561329165232)]"
903,"('contre', 'ADP')",1,"[(1, 0.49506733938811553), (3, 0.10150920322267405)]"
905,"('contribution', 'NOUN')",8,"[(7, 0.15221180753294739), (8, 0.6832121508130883)]"
913,"('convivial', 'ADJ')",5,"[(0, 0.12352037861642488), (5, 0.19825334594556443), (7, 0.10042571028793833), (8, 0.12189036672039288), (9, 0.19399004234495118)]"
917,"('correct', 'ADJ')",5,"[(5, 0.47101963426641), (7, 0.10808191033832662), (8, 0.10060973698842753)]"
920,"('cou', 'NOUN')",7,"[(7, 0.7371131723105), (8, 0.1259168057455386)]"
928,"('courant', 'ADJ')",9,"[(0, 0.13974498354208473), (5, 0.12557362490629662), (9, 0.3972291492844977)]"
930,"('coureur', 'NOUN')",7,"[(5, 0.16661050718348067), (7, 0.44829244650920336), (8, 0.16049092464117296)]"
940,"('coûteux', 'ADJ')",5,"[(5, 0.5311155856416044), (7, 0.10453859663716654)]"
945,"('critique', 'NOUN')",8,"[(7, 0.20237416783087345), (8, 0.7119062419441938)]"
947,"('critère', 'NOUN')",7,"[(7, 0.7126063128458872), (8, 0.1422206375837666)]"
961,"('cyclisme', 'NOUN')",7,"[(2, 0.149587792521781), (7, 0.4888382560075392), (8, 0.15034348679982662)]"
962,"('cycliste', 'ADJ')",9,"[(0, 0.1657953299125588), (9, 0.46188662257938756)]"
963,"('cyrillique', 'ADJ')",9,"[(0, 0.1188518699120071), (9, 0.4636939114526583)]"
974,"('dangereux', 'ADJ')",0,"[(0, 0.34869941873966936), (9, 0.3057599935631543)]"
975,"('dans', 'ADP')",1,"[(1, 0.457057781251484), (3, 0.10602653265822432)]"
980,"('de', 'ADP')",1,"[(0, 0.10253898198220046), (1, 0.5020449587071346)]"
985,"('demi-finale', 'NOUN')",8,"[(7, 0.1738029245113984), (8, 0.6404538131450237)]"
988,"('dernier', 'ADJ')",0,"[(0, 0.620188031160754), (7, 0.11599836588337156)]"
989,"('derrière', 'ADP')",1,"[(1, 0.39409111311339845), (3, 0.15787881317032218)]"
995,"('destination', 'NOUN')",8,"[(5, 0.11576126563821576), (7, 0.1460966738009721), (8, 0.5417200022500489)]"
998,"('deux', 'NUM')",1,"[(0, 0.10542245047046334), (1, 0.529218142356674)]"
1000,"('devant', 'ADP')",1,"[(1, 0.4862506975020519), (3, 0.10652014750820948)]"
1002,"('devise', 'NOUN')",8,"[(7, 0.12703083845388471), (8, 0.751832575048666)]"
1004,"('di', 'ADP')",1,"[(0, 0.10552861112644375), (1, 0.1666278695602615), (3, 0.11221282167385593), (4, 0.11516622776530117)]"
1008,"('difficile', 'ADJ')",5,"[(5, 0.48195112207798474), (7, 0.12039388374023768)]"
1009,"('difficulté', 'NOUN')",8,"[(7, 0.12161894295534413), (8, 0.7423157569124932)]"
1013,"('différent', 'ADJ')",0,"[(0, 0.3387762856896862), (1, 0.11645648679279186), (9, 0.1716069268724326)]"
1014,"('différent', 'DET')",1,"[(0, 0.12900142620833682), (1, 0.38693447844195566)]"
1016,"('dimanche', 'NOUN')",7,"[(7, 0.6744288458434171), (8, 0.1070861125825301)]"
1018,"('diocèse', 'NOUN')",7,"[(7, 0.7550381022939078), (8, 0.11383199522582862)]"
1024,"('directeur', 'NOUN')",7,"[(5, 0.14588908578144216), (7, 0.575602971301024), (8, 0.1263766402484283)]"
1026,"('dirigeant', 'NOUN')",7,"[(7, 0.7846199025737748), (8, 0.11249011578227375)]"
1045,"('divers', 'ADJ')",0,"[(0, 0.2781768387402163), (1, 0.1579077428465967), (9, 0.13210549287183637)]"
1046,"('divers', 'DET')",1,"[(0, 0.12942126256645578), (1, 0.35337977772968343)]"
1050,"('dizaine', 'NOUN')",8,"[(7, 0.17440364751623547), (8, 0.5587970766916502)]"
1051,"('docteur', 'NOUN')",7,"[(7, 0.7065229998157271), (8, 0.12531356114288478)]"
1052,"('doctorat', 'NOUN')",7,"[(7, 0.7453412235656586), (8, 0.12670181362006375)]"
1053,"('document', 'NOUN')",7,"[(7, 0.6177229028208737), (8, 0.14707296711392398)]"
1055,"('dollar', 'NOUN')",2,"[(2, 0.35770509471090456), (6, 0.21640599426749843), (7, 0.11736334069270841)]"
1058,"('domicile', 'NOUN')",7,"[(2, 0.2206975619426272), (7, 0.37346141811166267), (8, 0.1394912961909851)]"
1060,"('domination', 'NOUN')",8,"[(7, 0.11807828352049429), (8, 0.7003458311343405)]"
1062,"('don', 'NOUN')",7,"[(7, 0.773509548057248), (8, 0.10453110946753663)]"
1064,"('donc', 'CCONJ')",1,"[(1, 0.2903060528204355), (3, 0.18575076071703345)]"
1066,"('donnée', 'NOUN')",8,"[(7, 0.1497017580022545), (8, 0.6548866365479646)]"
1067,"('dont', 'PRON')",1,"[(0, 0.10479061961736698), (1, 0.28234202251330587), (3, 0.15215965308671822)]"
1072,"('doute', 'NOUN')",7,"[(7, 0.7396383709003715), (8, 0.12207122991734644)]"
1078,"('drogue', 'NOUN')",8,"[(2, 0.27994636286401964), (7, 0.11480588762275513), (8, 0.3856283731687457)]"
1082,"('du', 'DET')",0,"[(0, 0.22022528264331648), (1, 0.1940963237488865), (3, 0.10854044419005658)]"
1085,"('dur', 'ADJ')",0,"[(0, 0.34652430417439867), (9, 0.33630131711942346)]"
1087,"('durant', 'ADP')",1,"[(0, 0.10294371397727245), (1, 0.439016475404026)]"
1091,"('dès', 'ADP')",1,"[(1, 0.5452177957709429), (3, 0.11741535408530049)]"
1093,"('débit', 'NOUN')",7,"[(7, 0.778106089497336), (8, 0.10516897032980066)]"
1096,"('décembre', 'NOUN')",7,"[(2, 0.13452568761310307), (5, 0.10558032215539954), (7, 0.16475415917164257), (8, 0.10996076121101588)]"
1111,"('décéder', 'VERB')",5,"[(5, 0.45941328994260044), (7, 0.11292377496565939)]"
1125,"('délicieux', 'ADJ')",5,"[(0, 0.12465866330919488), (5, 0.3158052001128948), (7, 0.12130154172991384), (8, 0.10773762758382108)]"
1129,"('démocratie', 'NOUN')",8,"[(7, 0.1023374131884446), (8, 0.7875820973073772)]"
1132,"('dénommer', 'VERB')",5,"[(5, 0.5230883953715318), (7, 0.1270044883642033)]"
1135,"('département', 'NOUN')",7,"[(7, 0.7431653064772779), (8, 0.13806775299343252)]"
1147,"('désir', 'NOUN')",7,"[(7, 0.7123220842910042), (8, 0.1454468031351699)]"
1150,"('détail', 'NOUN')",7,"[(7, 0.6734469199055533), (8, 0.1413206547214014)]"
1159,"('efficace', 'ADJ')",9,"[(0, 0.11991111931199482), (5, 0.14442464839479166), (7, 0.1339317998904895), (8, 0.1306668991161384), (9, 0.16235124448306973)]"
1160,"('efficacité', 'NOUN')",8,"[(7, 0.16850963364465246), (8, 0.6328006132574385)]"
1164,"('empereur', 'NOUN')",7,"[(7, 0.6152329870444506), (8, 0.19577780867248198)]"
1165,"('empire', 'NOUN')",7,"[(7, 0.7672835282479212), (8, 0.13187663994303575)]"
1169,"('employé', 'NOUN')",7,"[(7, 0.573350139579283), (8, 0.1714999269103639)]"
1175,"('en', 'PRON')",3,"[(1, 0.10190310601725322), (3, 0.25320380361717454), (5, 0.1269759987406646), (7, 0.10029231717343874)]"
1180,"('endémique', 'ADJ')",5,"[(5, 0.4095109410627302), (7, 0.10136433049741095), (8, 0.11618141913739385)]"
1181,"('enfance', 'NOUN')",8,"[(7, 0.1692226832065405), (8, 0.6374906755003621)]"
1182,"('enfant', 'NOUN')",7,"[(7, 0.4569139320567391), (8, 0.26199861126474455)]"
1185,"('engagement', 'NOUN')",7,"[(7, 0.7029894002507537), (8, 0.13933618190809763)]"
1190,"('ennemi', 'NOUN')",7,"[(7, 0.6589884630130597), (8, 0.19344107160913396)]"
1195,"('enseignant', 'NOUN')",7,"[(7, 0.6746076349017637), (8, 0.1336821851646735)]"
1199,"('ensemble', 'NOUN')",7,"[(7, 0.8530699643793233), (8, 0.10040691956797508)]"
1207,"('entraînement', 'NOUN')",2,"[(2, 0.5402403114823808), (7, 0.13803836312735152)]"
1209,"('entraîneur', 'NOUN')",7,"[(5, 0.10330430753936477), (7, 0.6698543943345243), (8, 0.10082469219311778)]"
1218,"('environ', 'ADV')",3,"[(1, 0.1867442595808153), (3, 0.1897643978844621)]"
1219,"('environnement', 'NOUN')",7,"[(7, 0.8349489445678202), (8, 0.10255730418973343)]"
1224,"('esclave', 'NOUN')",7,"[(7, 0.5087164860887389), (8, 0.12951957975531292)]"
1227,"('espagnol', 'NOUN')",7,"[(7, 0.5651891204098773), (8, 0.14663549653661392)]"
1230,"('espèce', 'NOUN')",8,"[(7, 0.13793502098349128), (8, 0.6872905999457452)]"
1232,"('essai', 'NOUN')",7,"[(7, 0.7136557806469037), (8, 0.10077818710606974)]"
1234,"('essentiel', 'ADJ')",9,"[(0, 0.10857810705419395), (5, 0.18541022858280506), (9, 0.31110884246328785)]"
1235,"('essentiel', 'NOUN')",7,"[(7, 0.6021654399807291), (8, 0.21608311851727816)]"
1237,"('est', 'NOUN')",7,"[(7, 0.6221682369151659), (8, 0.18018721727598294)]"
1239,"('et', 'CCONJ')",1,"[(1, 0.3168189061436765), (3, 0.20157759124801933)]"
1240,"('etc.', 'X')",4,"[(2, 0.11612700800675543), (4, 0.1314873273930657), (5, 0.11731993351262168), (6, 0.1109883632117367)]"
1242,"('euro', 'NOUN')",2,"[(2, 0.2790358481860645), (6, 0.2155506835204632), (7, 0.13564603630018474)]"
1244,"('eux', 'PRON')",3,"[(1, 0.11016001426457482), (3, 0.21358604915557441), (5, 0.12612616236066934), (7, 0.11963954253802828)]"
1245,"('eux-mêmes', 'PRON')",7,"[(3, 0.12745185143162305), (5, 0.12886267978921448), (6, 0.12334288595081629), (7, 0.1315229528901473)]"
1248,"('exception', 'NOUN')",8,"[(7, 0.14218433078515175), (8, 0.7604904563132491)]"
1251,"('exemplaire', 'NOUN')",7,"[(7, 0.40918683977823656), (8, 0.12389213145921321)]"
1259,"('expert', 'NOUN')",7,"[(7, 0.7586509040671948), (8, 0.10910148926292551)]"
1263,"('exploration', 'NOUN')",8,"[(7, 0.11261270352556375), (8, 0.8183132783155596)]"
1265,"('exportation', 'NOUN')",8,"[(7, 0.17865937110876182), (8, 0.6568253550596808)]"
1275,"('extraire', 'VERB')",5,"[(5, 0.3847467358481341), (7, 0.12345270776132568)]"
1276,"('extrémité', 'NOUN')",8,"[(7, 0.15898697971541909), (8, 0.7666378077476108)]"
1278,"('extrêmement', 'ADV')",3,"[(1, 0.13526889995338265), (3, 0.4023532004605634)]"
1280,"('extérieur', 'NOUN')",7,"[(7, 0.7201962917952707), (8, 0.16337591993143083)]"
1282,"('exécution', 'NOUN')",8,"[(7, 0.155651113058264), (8, 0.690128978573252)]"
1284,"('fabrication', 'NOUN')",8,"[(7, 0.11121822683551105), (8, 0.7368576384843671)]"
1286,"('face', 'NOUN')",8,"[(7, 0.14459738153777071), (8, 0.5551239441465868)]"
1287,"('facile', 'ADJ')",5,"[(5, 0.42540224323441256), (7, 0.1080137746568918), (8, 0.12270731985989548)]"
1292,"('faible', 'ADJ')",0,"[(0, 0.3963317443859131), (5, 0.14904687036325262)]"
1293,"('faire', 'AUX')",3,"[(3, 0.17754673379924765), (5, 0.1702832652619508), (7, 0.11380621853679289), (8, 0.10507422177807113)]"
1295,"('fait', 'NOUN')",7,"[(7, 0.7751587760909708), (8, 0.11318821480021848)]"
1296,"('falloir', 'VERB')",5,"[(5, 0.5031230558572716), (7, 0.10234549518226728)]"
1301,"('faveur', 'NOUN')",8,"[(2, 0.1593966778358796), (7, 0.1614549121560094), (8, 0.3754489300719818)]"
1302,"('favorable', 'ADJ')",9,"[(0, 0.12586462305352814), (5, 0.21482279940811425), (7, 0.10861818431411818), (9, 0.2296964191216508)]"
1305,"('façon', 'NOUN')",8,"[(7, 0.12452212000227439), (8, 0.6195179650263174)]"
1315,"('fiction', 'NOUN')",8,"[(2, 0.18380247739545139), (7, 0.1249308778953439), (8, 0.44737220816677514)]"
1316,"('fidèle', 'ADJ')",5,"[(0, 0.1784706981465466), (5, 0.22721682299600315), (7, 0.17387491925707949), (8, 0.1132964810072737)]"
1318,"('fil', 'NOUN')",7,"[(7, 0.7329211925526377), (8, 0.13696708275307087)]"
1319,"('filiale', 'NOUN')",8,"[(7, 0.10607448307393681), (8, 0.770150270063378)]"
1322,"('fils', 'NOUN')",7,"[(5, 0.10502658769334453), (7, 0.6699281875663304), (8, 0.11422351485739407)]"
1323,"('fin', 'NOUN')",8,"[(7, 0.1063177114945721), (8, 0.8059033081773952)]"
1327,"('finance', 'NOUN')",8,"[(2, 0.10594766721101662), (7, 0.210995645885089), (8, 0.3320727784181541)]"
1332,"('fleur', 'NOUN')",8,"[(7, 0.11899891502346949), (8, 0.6497929435069726)]"
1335,"('flux', 'NOUN')",7,"[(7, 0.7789077523031489), (8, 0.10482483829771228)]"
1337,"('fois', 'NOUN')",8,"[(7, 0.13652641059671577), (8, 0.6436090040135568)]"
1339,"('fonctionnaire', 'NOUN')",7,"[(5, 0.10443278075955811), (7, 0.5867600076264259), (8, 0.14017378759925303)]"
1340,"('fonctionnement', 'NOUN')",7,"[(7, 0.7377156637240867), (8, 0.10805450472046807)]"
1343,"('fondateur', 'NOUN')",7,"[(5, 0.11498363646882559), (7, 0.5721451765963533), (8, 0.14951174141841062)]"
1348,"('footballeur', 'NOUN')",7,"[(5, 0.21856041309556323), (7, 0.27723555037999037), (8, 0.15421210470049806)]"
1357,"('fort', 'NOUN')",7,"[(7, 0.7382218045212445), (8, 0.11868407999789227)]"
1363,"('frais', 'ADJ')",5,"[(5, 0.3696281314609339), (7, 0.11605904489609928)]"
1364,"('franc', 'NOUN')",2,"[(2, 0.30846183986265785), (6, 0.17642937878372048), (7, 0.14327068880369778)]"
1366,"('franchise', 'NOUN')",8,"[(7, 0.1064190034978694), (8, 0.7896273405784167)]"
1371,"('froid', 'ADJ')",9,"[(0, 0.12098793198397934), (5, 0.11585059695053918), (8, 0.10038303271041848), (9, 0.3255902075798685)]"
1376,"('frère', 'NOUN')",7,"[(7, 0.7063244280881718), (8, 0.1307987107477349)]"
1387,"('février', 'NOUN')",7,"[(2, 0.12304346437140867), (5, 0.10871108428210687), (7, 0.16195570080275545), (8, 0.11078742185456913)]"
1399,"('gauche', 'NOUN')",8,"[(2, 0.28179927549663714), (7, 0.10825959200534634), (8, 0.37258325814057225)]"
1402,"('gens', 'NOUN')",7,"[(7, 0.40449073532340296), (8, 0.2966849239155724)]"
1405,"('glace', 'NOUN')",2,"[(2, 0.4643424969908288), (8, 0.18336934885284262)]"
1414,"('gratuit', 'ADJ')",9,"[(0, 0.11894548454480362), (9, 0.5210408113478894)]"
1415,"('grave', 'ADJ')",0,"[(0, 0.5074592309038508), (9, 0.2016622027681485)]"
1416,"('gravure', 'NOUN')",8,"[(7, 0.1199967706605981), (8, 0.6887022588251032)]"
1424,"('guitare', 'NOUN')",8,"[(7, 0.12904228922929242), (8, 0.7338089413469013)]"
1433,"('h', 'NOUN')",8,"[(2, 0.1254368447361985), (5, 0.12922192864970308), (6, 0.1244993152698272), (7, 0.1356445479738665), (8, 0.15810543628662163)]"
1434,"('h', 'NUM')",6,"[(2, 0.13380990233515117), (4, 0.1006700150617929), (5, 0.11070080451402431), (6, 0.17203131797182908), (7, 0.1328389244502895), (8, 0.11911976126752738)]"
1435,"('ha', 'NOUN')",7,"[(2, 0.12478738919588887), (5, 0.12432415499967232), (6, 0.1457735349193435), (7, 0.1592268884739611), (8, 0.10833611006732732)]"
1436,"('habitant', 'NOUN')",7,"[(5, 0.12076005238253333), (7, 0.3450658662117217), (8, 0.1566310786332772)]"
1437,"('habitat', 'NOUN')",7,"[(7, 0.740710465430875), (8, 0.13575851337307152)]"
1438,"('habitation', 'NOUN')",8,"[(2, 0.10505451368186242), (7, 0.15657885851336398), (8, 0.5109880597057901)]"
1440,"('hasard', 'NOUN')",7,"[(7, 0.714120264410712), (8, 0.10886363966156976)]"
1444,"('hectare', 'NOUN')",6,"[(2, 0.21615251079712297), (6, 0.23275429417357188), (7, 0.12073960392747825)]"
1445,"('heure', 'NOUN')",8,"[(7, 0.1560437465634773), (8, 0.6458765092741814)]"
1446,"('heureux', 'ADJ')",5,"[(5, 0.5349711510416958), (7, 0.11318585682216488)]"
1451,"('hiver', 'NOUN')",7,"[(7, 0.6396392519782866), (8, 0.12792801266160247)]"
1452,"('hockey', 'NOUN')",2,"[(2, 0.45206359029078824), (7, 0.11360310900154076)]"
1453,"('hommage', 'NOUN')",7,"[(5, 0.126334433459901), (7, 0.35554933481084083), (8, 0.13181298292595967)]"
1455,"('honneur', 'NOUN')",7,"[(2, 0.15290166229573973), (7, 0.5289506946718404), (8, 0.15700970108011814)]"
1456,"('hors', 'ADV')",5,"[(3, 0.14776771549306572), (5, 0.31244475349795964), (7, 0.11911327715200994), (8, 0.11550516606176307)]"
1458,"('huit', 'NUM')",1,"[(0, 0.10026216601866755), (1, 0.5151444727672098)]"
1461,"('humanité', 'NOUN')",8,"[(7, 0.18425665725931278), (8, 0.6756513550394738)]"
1463,"('hypothèse', 'NOUN')",8,"[(7, 0.1265099205502707), (8, 0.7510502440111214)]"
1465,"('héritier', 'NOUN')",7,"[(7, 0.7144085993583119), (8, 0.11650567639153718)]"
1466,"('héros', 'NOUN')",7,"[(7, 0.7794412939465336), (8, 0.10801460964965653)]"
1467,"('hésiter', 'VERB')",5,"[(5, 0.41308925464204727), (7, 0.10384220321467393)]"
1469,"('hôte', 'NOUN')",7,"[(7, 0.5173403079544102), (8, 0.1381317953140105)]"
1486,"('important', 'ADJ')",0,"[(0, 0.39277069954279664), (9, 0.19422022813660114)]"
1488,"('impossible', 'ADJ')",5,"[(5, 0.5362852752227786), (7, 0.10030110473388497)]"
1494,"('inconnu', 'ADJ')",5,"[(5, 0.2722115792924968), (7, 0.12934104961498152), (8, 0.10600733754536584), (9, 0.113919221701463)]"
1495,"('indice', 'NOUN')",7,"[(7, 0.6620502832840577), (8, 0.17693902497261485)]"
1498,"('individu', 'NOUN')",7,"[(7, 0.7117917862748423), (8, 0.13096528054963932)]"
1502,"('indépendance', 'NOUN')",8,"[(7, 0.14937959970617545), (8, 0.7251036959696225)]"
1503,"('indépendant', 'ADJ')",9,"[(0, 0.11798665648849758), (9, 0.5477800147944296)]"
1504,"('infanterie', 'NOUN')",2,"[(2, 0.46961668337019524), (8, 0.15329601520937697)]"
1507,"('infrastructure', 'NOUN')",8,"[(7, 0.1573993635297786), (8, 0.7100166904850183)]"
1508,"('inférieur', 'ADJ')",5,"[(0, 0.10189156998155177), (5, 0.3511607831961001), (7, 0.12013833467349828), (9, 0.13172867369421723)]"
1516,"('insecte', 'NOUN')",7,"[(5, 0.11313880006622011), (7, 0.5559171818564782), (8, 0.14186685359715276)]"
1520,"('instance', 'NOUN')",8,"[(7, 0.12896472970927653), (8, 0.615539444436643)]"
1521,"('institut', 'NOUN')",7,"[(7, 0.7967049302162321), (8, 0.13084650717003962)]"
1524,"('intention', 'NOUN')",8,"[(7, 0.1602978594829075), (8, 0.7262667090189774)]"
1528,"('internet', 'NOUN')",9,"[(0, 0.10813603179900869), (2, 0.14108993864730485), (7, 0.1393848277082849), (9, 0.22145217882787135)]"
1529,"('interprétation', 'NOUN')",8,"[(7, 0.1705899976472702), (8, 0.5756230129957154)]"
1535,"('interview', 'NOUN')",8,"[(7, 0.1309811634933636), (8, 0.7271259545359428)]"
1536,"('intituler', 'VERB')",5,"[(5, 0.2978931255492102), (7, 0.11763068049952019)]"
1537,"('introduction', 'NOUN')",8,"[(7, 0.16893665591266258), (8, 0.7100318117197446)]"
1541,"('intéressant', 'ADJ')",5,"[(0, 0.1414528313572569), (5, 0.2550611464054353), (7, 0.13801289329985147), (9, 0.11438609385495997)]"
1544,"('intérieur', 'NOUN')",7,"[(7, 0.68130580938041), (8, 0.190228998533749)]"
1546,"('invasion', 'NOUN')",8,"[(7, 0.11552335478579004), (8, 0.8268987104188601)]"
1548,"('investissement', 'NOUN')",7,"[(7, 0.7026352163625081), (8, 0.1029572546730963)]"
1549,"('investisseur', 'NOUN')",7,"[(7, 0.5757545329721435), (8, 0.17758367878640857)]"
1553,"('islam', 'NOUN')",7,"[(7, 0.5288901142948021), (8, 0.21861976770935762)]"
1554,"('isoler', 'VERB')",5,"[(5, 0.3421454772182411), (7, 0.12096959844837187), (8, 0.11666778061964816)]"
1555,"('issu', 'ADJ')",5,"[(5, 0.5637566785070623), (7, 0.10033887402146043)]"
1556,"('issue', 'NOUN')",8,"[(7, 0.22575327279048302), (8, 0.5796490066687584)]"
1558,"('italien', 'NOUN')",7,"[(7, 0.6767508902712457), (8, 0.12588956557974912)]"
1560,"('janvier', 'NOUN')",7,"[(2, 0.12164758528510752), (5, 0.10934510594700862), (7, 0.16502249231002228), (8, 0.11272538594010645)]"
1567,"('jeudi', 'NOUN')",7,"[(3, 0.10989466539328711), (5, 0.12156417064965497), (7, 0.30285797293292915), (8, 0.11895317376256553)]"
1569,"('jeune', 'NOUN')",7,"[(7, 0.7560669297592394), (8, 0.12225718355819239)]"
1570,"('jeunesse', 'NOUN')",8,"[(7, 0.10894551161084312), (8, 0.6771073954366882)]"
1576,"('journaliste', 'NOUN')",7,"[(7, 0.703060454848309), (8, 0.12178349981641345)]"
1582,"('juif', 'NOUN')",7,"[(7, 0.5232688047225899), (8, 0.17813328670628362)]"
1583,"('juillet', 'NOUN')",7,"[(2, 0.13141677579517308), (5, 0.10726143609318804), (7, 0.16535667929257533), (8, 0.11145866850502226)]"
1584,"('juin', 'NOUN')",7,"[(2, 0.1305338452717442), (5, 0.10890830006508896), (7, 0.16904954504659908), (8, 0.1134029930970876)]"
1586,"('jusque', 'ADP')",1,"[(0, 0.10534137851908024), (1, 0.2691575044542564), (3, 0.13063719504847476)]"
1590,"('kg', 'NOUN')",6,"[(2, 0.16024655035170474), (6, 0.16632685608097955), (7, 0.15507698906091869), (8, 0.10186948827061233)]"
1591,"('kilomètre', 'NOUN')",7,"[(2, 0.13019335912841143), (5, 0.1404450623940835), (6, 0.10711606161748834), (7, 0.2322229966870746), (8, 0.12885122488372466)]"
1592,"('km', 'NOUN')",7,"[(2, 0.12222938544519354), (5, 0.13555829394323704), (6, 0.11734696447813922), (7, 0.20207061905783727), (8, 0.12388355343722983)]"
1601,"('large', 'NOUN')",7,"[(7, 0.6407178512616848), (8, 0.13362407524945777)]"
1604,"('latin', 'NOUN')",7,"[(7, 0.6593869705354646), (8, 0.11996881396672503)]"
1606,"('le', 'DET')",1,"[(0, 0.19328428532442157), (1, 0.25752429390526227)]"
1610,"('lendemain', 'NOUN')",7,"[(7, 0.7016367544494676), (8, 0.13622114533337495)]"
1611,"('lequel', 'PRON')",3,"[(2, 0.14528886411168004), (3, 0.15458798643613852), (7, 0.12723200609465182), (8, 0.11918677600004228)]"
1616,"('libre', 'ADJ')",9,"[(0, 0.14869101013471736), (9, 0.6837335780626703)]"
1622,"('lien', 'NOUN')",7,"[(7, 0.786311670526287), (8, 0.10795077972640836)]"
1624,"('lieu', 'NOUN')",7,"[(5, 0.12105898057621046), (7, 0.5148432145166054), (8, 0.12501048196106698)]"
1631,"('lit', 'NOUN')",7,"[(7, 0.7847697175849087), (8, 0.10840794768588496)]"
1637,"('localité', 'NOUN')",8,"[(7, 0.14837395058906983), (8, 0.6347234384359377)]"
1642,"('loin', 'ADV')",3,"[(3, 0.27660756361615596), (5, 0.25107421491255777)]"
1644,"('long', 'NOUN')",2,"[(2, 0.34886605299163936), (6, 0.11171958569426638)]"
1648,"('lors', 'ADV')",3,"[(3, 0.22303066608371797), (5, 0.20743510617846608), (7, 0.1148173016712181), (8, 0.11684537546818569)]"
1649,"('lorsque', 'SCONJ')",3,"[(1, 0.12227180620191572), (3, 0.36855139380378343)]"
1652,"('lui', 'PRON')",3,"[(3, 0.23185981124407995), (5, 0.1243183211768148), (7, 0.12462775396739553), (8, 0.10398887295871145)]"
1653,"('lui-même', 'PRON')",5,"[(3, 0.1415662386136584), (5, 0.15048614168084065), (7, 0.14083101662583367), (8, 0.11390070183743604)]"
1655,"('lundi', 'NOUN')",7,"[(7, 0.5215557112406973), (8, 0.1332134464332274)]"
1662,"('léger', 'ADJ')",9,"[(0, 0.3073733736813865), (9, 0.40142803550543643)]"
1664,"('légèrement', 'ADV')",3,"[(1, 0.11917437402384522), (3, 0.5084476459888086)]"
1666,"('madame', 'NOUN')",4,"[(2, 0.1158540398585054), (4, 0.39715070652194795), (8, 0.12611085411818995)]"
1668,"('magazine', 'NOUN')",7,"[(7, 0.7781843355248969), (8, 0.10909861656310764)]"
1669,"('magnifique', 'ADJ')",0,"[(0, 0.6059041761686954), (9, 0.14658581139357454)]"
1670,"('mai', 'NOUN')",7,"[(2, 0.1282677667130936), (5, 0.10734116988774224), (7, 0.16258020708417847), (8, 0.11187225114440594)]"
1671,"('maillot', 'NOUN')",7,"[(7, 0.7758039323456525), (8, 0.11084227341404634)]"
1676,"('mais', 'CCONJ')",3,"[(1, 0.1625117187573395), (3, 0.32895226400423516)]"
1679,"('majorité', 'NOUN')",8,"[(7, 0.10267367198316668), (8, 0.821106182825044)]"
1683,"('malgré', 'ADP')",1,"[(1, 0.472779770765303), (3, 0.10165703446609216)]"
1690,"('manque', 'NOUN')",7,"[(7, 0.682822390985309), (8, 0.149280770891935)]"
1695,"('mardi', 'NOUN')",7,"[(5, 0.11030642367092794), (7, 0.34807500850640527), (8, 0.12034012161659224)]"
1696,"('mari', 'NOUN')",7,"[(5, 0.12714644986092716), (7, 0.37301059953868687), (8, 0.20571998598225913)]"
1705,"('mars', 'NOUN')",7,"[(2, 0.1242519125096211), (5, 0.11099436689820197), (7, 0.16903393507554565), (8, 0.11480181530143029)]"
1706,"('maréchal', 'NOUN')",7,"[(7, 0.744321737240726), (8, 0.10418900914196316)]"
1712,"('matin', 'NOUN')",7,"[(7, 0.648830284984027), (8, 0.10924178684606384)]"
1719,"('membre', 'NOUN')",7,"[(5, 0.14152028263886177), (7, 0.6147127621709063), (8, 0.12012830046778018)]"
1723,"('mention', 'NOUN')",8,"[(7, 0.14385705876050198), (8, 0.6293282263325801)]"
1727,"('merci', 'INTJ')",5,"[(4, 0.10103250658185328), (5, 0.2829354382123309), (7, 0.11613549327757898), (8, 0.11282233720439247)]"
1728,"('mercredi', 'NOUN')",7,"[(5, 0.1162066255467692), (7, 0.4076944595496104), (8, 0.12835586201033344)]"
1737,"('militaire', 'NOUN')",7,"[(7, 0.7396919938648422), (8, 0.11450247761338554)]"
1738,"('militant', 'NOUN')",7,"[(7, 0.6918618737150283), (8, 0.12387139596708663)]"
1739,"('milliard', 'NOUN')",7,"[(2, 0.1039371368155232), (5, 0.15353449371148303), (7, 0.22010922487836096), (8, 0.13292301779677573)]"
1740,"('millier', 'NOUN')",7,"[(7, 0.42617622093042845), (8, 0.1898753254615822)]"
1741,"('million', 'NOUN')",7,"[(5, 0.1653714983042354), (7, 0.2276163853840975), (8, 0.13210115235298628)]"
1742,"('mine', 'NOUN')",8,"[(2, 0.10188132324411106), (7, 0.12390293988685006), (8, 0.6172601318015566)]"
1745,"('minute', 'NOUN')",8,"[(2, 0.10236441082353676), (5, 0.10187584992563933), (7, 0.1555303839678123), (8, 0.3415788569593842)]"
1746,"('mise', 'NOUN')",8,"[(7, 0.10531812448415905), (8, 0.8055697321055663)]"
1749,"('mm', 'NOUN')",7,"[(2, 0.13318365283902706), (5, 0.12844036003970827), (6, 0.13191199797278313), (7, 0.17912811045203703), (8, 0.1140090680549687)]"
1754,"('modification', 'NOUN')",8,"[(7, 0.1292741847971655), (8, 0.7511385811682727)]"
1757,"('moi', 'PRON')",3,"[(3, 0.22667696780911692), (5, 0.11623087300705227), (7, 0.11142462354470774), (8, 0.10688001877374319)]"
1758,"('moine', 'NOUN')",7,"[(7, 0.7533445618630958), (8, 0.12518494011363038)]"
1760,"('moins', 'PRON')",7,"[(2, 0.13677385367908368), (5, 0.17724911998317258), (7, 0.19644953527058498), (8, 0.17273278702126268)]"
1765,"('monde', 'NOUN')",7,"[(7, 0.7686616777891139), (8, 0.10892098402856273)]"
1768,"('monsieur', 'NOUN')",7,"[(4, 0.2163121865302741), (5, 0.15569519022678793), (7, 0.26697165556010427), (8, 0.11210163774569529)]"
1769,"('mont', 'NOUN')",7,"[(7, 0.7165635376146425), (8, 0.1299586924874014)]"
1770,"('montagne', 'NOUN')",8,"[(7, 0.12470423554087288), (8, 0.7301419523652307)]"
1775,"('morceau', 'NOUN')",7,"[(7, 0.6548896263485982), (8, 0.15421897382191588)]"
1776,"('mort', 'ADJ')",5,"[(0, 0.11615416811422268), (5, 0.2230504151396117), (7, 0.11525061277861996), (9, 0.19732371305511612)]"
1780,"('motif', 'NOUN')",7,"[(7, 0.8287674500175115), (8, 0.1000239072418996)]"
1783,"('moyen', 'ADJ')",0,"[(0, 0.5611267877755433), (9, 0.3029900760387451)]"
1784,"('moyen', 'NOUN')",7,"[(7, 0.7976976022401205), (8, 0.10151311931826969)]"
1786,"('multiple', 'ADJ')",0,"[(0, 0.2695769060071802), (1, 0.15364884343701757)]"
1796,"('mère', 'NOUN')",8,"[(7, 0.12621425694169558), (8, 0.6944011579290622)]"
1797,"('mètre', 'NOUN')",7,"[(2, 0.140018699571753), (5, 0.12390865588089035), (6, 0.135941762757278), (7, 0.19183593479564837), (8, 0.11648337310876578)]"
1799,"('médaille', 'NOUN')",8,"[(7, 0.12626958338464803), (8, 0.7692271496841174)]"
1801,"('médecine', 'NOUN')",8,"[(2, 0.28261687312885597), (7, 0.10084563507272211), (8, 0.3654221220194336)]"
1802,"('média', 'NOUN')",7,"[(7, 0.6369552341294356), (8, 0.1597221964300352)]"
1805,"('mélange', 'NOUN')",7,"[(7, 0.7729020101901939), (8, 0.11465440748098361)]"
1807,"('ménage', 'NOUN')",7,"[(7, 0.6762509667003651), (8, 0.1401085230329718)]"
1809,"('métal', 'NOUN')",7,"[(2, 0.10158779099943527), (7, 0.6267102611581832), (8, 0.10911859208674253)]"
1812,"('métrage', 'NOUN')",7,"[(5, 0.11818200132597984), (7, 0.4936329098264029), (8, 0.14407401531128275)]"
1813,"('métro', 'NOUN')",7,"[(7, 0.6943117202168511), (8, 0.12318946380547789)]"
1816,"('naissance', 'NOUN')",8,"[(7, 0.11355622658005772), (8, 0.6561264624061233)]"
1818,"('nation', 'NOUN')",8,"[(7, 0.19665648999483068), (8, 0.5032052391669203)]"
1826,"('naître', 'VERB')",5,"[(5, 0.4128816682461233), (7, 0.11991013147672387)]"
1828,"('net', 'ADJ')",0,"[(0, 0.6720670254063804), (9, 0.1732626451708756)]"
1830,"('ni', 'CCONJ')",1,"[(0, 0.12430950476577105), (1, 0.4215934518056423), (3, 0.12380463113379739)]"
1832,"('noblesse', 'NOUN')",8,"[(7, 0.11958106013464326), (8, 0.7172066921282623)]"
1834,"('noir', 'NOUN')",7,"[(7, 0.4897402370645903), (8, 0.13175533682698415)]"
1837,"('nombreux', 'ADJ')",0,"[(0, 0.31161640643996386), (1, 0.21712408104202127)]"
1839,"('non', 'ADV')",3,"[(1, 0.14521808462196545), (3, 0.3689478959989708)]"
1840,"('nord', 'NOUN')",7,"[(7, 0.749793761590952), (8, 0.11284394788701718)]"
1841,"('nord-est', 'NOUN')",7,"[(7, 0.7479586503087815), (8, 0.12081354945276027)]"
1842,"('nord-ouest', 'NOUN')",7,"[(7, 0.6438603747397746), (8, 0.14448770178683493)]"
1843,"('normal', 'ADJ')",9,"[(0, 0.10172118541829542), (9, 0.6673142482699012)]"
1848,"('notion', 'NOUN')",8,"[(7, 0.1361463954466143), (8, 0.7208538387309932)]"
1851,"('nous', 'PRON')",3,"[(1, 0.12160538827200282), (3, 0.2187040633737025), (5, 0.11587780503320243), (7, 0.10577162274714735)]"
1854,"('novembre', 'NOUN')",7,"[(2, 0.1301076494170574), (5, 0.10714663392280216), (7, 0.1659975246831742), (8, 0.11004044387237283)]"
1855,"('nuage', 'NOUN')",7,"[(7, 0.7649888155084249), (8, 0.11090993119304611)]"
1858,"('nul', 'ADJ')",9,"[(0, 0.14404352438773932), (5, 0.10075870894639412), (9, 0.44734518028544334)]"
1860,"('numéro', 'NOUN')",7,"[(7, 0.5732461494681454), (8, 0.1268826811526935)]"
1861,"('n°', 'NOUN')",7,"[(7, 0.4686709337295147), (8, 0.19317155939740452)]"
1868,"('négociation', 'NOUN')",8,"[(7, 0.20430868673532285), (8, 0.5321714707977528)]"
1871,"('objet', 'NOUN')",7,"[(7, 0.8258853860778435), (8, 0.10744846358742442)]"
1874,"('observation', 'NOUN')",8,"[(7, 0.13185818296848645), (8, 0.6372285817243728)]"
1877,"('occasion', 'NOUN')",8,"[(7, 0.1298448650262854), (8, 0.7839998069064961)]"
1878,"('occidental', 'ADJ')",9,"[(0, 0.14187107452931227), (9, 0.39190218936058113)]"
1881,"('octobre', 'NOUN')",7,"[(2, 0.12584331821782477), (5, 0.11047348458514947), (7, 0.16995891602855404), (8, 0.11409802279384092)]"
1882,"('océan', 'NOUN')",7,"[(7, 0.6888383009582857), (8, 0.16140101587140315)]"
1883,"('office', 'NOUN')",7,"[(7, 0.7830309122923428), (8, 0.10872334718606812)]"
1890,"('olympique', 'ADJ')",9,"[(0, 0.10898952074959721), (9, 0.46268972725099233)]"
1891,"('on', 'PRON')",3,"[(3, 0.22103888321039544), (5, 0.12284842049202434), (7, 0.12808291679891748), (8, 0.10062861820913745)]"
1892,"('oncle', 'NOUN')",7,"[(7, 0.4306771028748354), (8, 0.19496491680666966)]"
1894,"('opportunité', 'NOUN')",8,"[(7, 0.21793298395191996), (8, 0.6004126954119731)]"
1898,"('opérateur', 'NOUN')",7,"[(7, 0.8166812347214736), (8, 0.1012600844790915)]"
1901,"('or', 'CCONJ')",3,"[(1, 0.13202439647200778), (3, 0.2618477992962947)]"
1903,"('orchestre', 'NOUN')",7,"[(2, 0.11294385350445267), (7, 0.5498755584553441), (8, 0.15010966331703582)]"
1909,"('organisme', 'NOUN')",7,"[(7, 0.7410833779547721), (8, 0.1240830805289714)]"
1913,"('originaire', 'ADJ')",5,"[(5, 0.3108888663010427), (7, 0.12414023902590902)]"
1917,"('otage', 'NOUN')",7,"[(7, 0.7651366418809193), (8, 0.10453656750986057)]"
1918,"('ou', 'CCONJ')",1,"[(0, 0.11296099716071208), (1, 0.3782219585002973), (3, 0.13191052032294825)]"
1920,"('ouest', 'NOUN')",7,"[(7, 0.5786885088621242), (8, 0.17569185824288125)]"
1921,"('outil', 'NOUN')",7,"[(7, 0.7924527566976234), (8, 0.11069354031956279)]"
1923,"('ouvert', 'ADJ')",5,"[(0, 0.10462137505974863), (5, 0.30077672125918786), (7, 0.12737705236236957), (9, 0.1655428245472432)]"
1926,"('ouvrier', 'NOUN')",7,"[(7, 0.5003955179230665), (8, 0.16880139357977317)]"
1928,"('où', 'PRON')",3,"[(1, 0.11921908568817936), (3, 0.3184845237749161)]"
1929,"('page', 'NOUN')",8,"[(7, 0.103748443225893), (8, 0.7770351166130499)]"
1935,"('papillon', 'NOUN')",7,"[(7, 0.7096147121432163), (8, 0.13486951410949344)]"
1936,"('par', 'ADP')",1,"[(1, 0.425218195731198), (3, 0.11529134454309381)]"
1937,"('parallèle', 'NOUN')",7,"[(7, 0.5134442686004413), (8, 0.25678548448203037)]"
1942,"('parent', 'NOUN')",7,"[(7, 0.44679483410096016), (8, 0.1845684646896827)]"
1943,"('parfait', 'ADJ')",5,"[(0, 0.2191854532658631), (5, 0.2507526720787525), (7, 0.11445717596859817), (8, 0.10037332415671744), (9, 0.12979012831193953)]"
1948,"('parlement', 'NOUN')",7,"[(7, 0.7955488373928477), (8, 0.1005976631269996)]"
1953,"('parole', 'NOUN')",8,"[(7, 0.12489452563020055), (8, 0.7771784787394009)]"
1961,"('particularité', 'NOUN')",8,"[(7, 0.10602405898347983), (8, 0.8088196460765543)]"
1967,"('partisan', 'NOUN')",7,"[(5, 0.10673192234669662), (7, 0.5689235092419958), (8, 0.17818378953881972)]"
1972,"('passe', 'NOUN')",8,"[(7, 0.18170818879411024), (8, 0.5481977658376364)]"
1974,"('passé', 'NOUN')",7,"[(7, 0.7606042596847201), (8, 0.11522961291340596)]"
1975,"('patient', 'NOUN')",7,"[(7, 0.6506640722894292), (8, 0.172191908967066)]"
1977,"('patron', 'NOUN')",7,"[(7, 0.7657104010662965), (8, 0.10272712496991272)]"
1978,"('pauvre', 'ADJ')",5,"[(5, 0.3449385499282108), (7, 0.19302750219461395), (8, 0.1253913508880157)]"
1991,"('performance', 'NOUN')",8,"[(7, 0.1178076283369394), (8, 0.7646362833477602)]"
1996,"('personne', 'NOUN')",8,"[(7, 0.12233758640958936), (8, 0.7139684225758659)]"
1997,"('personne', 'PRON')",3,"[(3, 0.19756888507689915), (5, 0.11168532791515735), (7, 0.12685916747956663), (8, 0.10906283456916607)]"
2005,"('peu', 'PRON')",5,"[(3, 0.1374430325966498), (5, 0.2223169507702841), (7, 0.13861299298936716), (8, 0.12887855572628815)]"
2008,"('peur', 'NOUN')",8,"[(7, 0.10023165150549285), (8, 0.7611219497580858)]"
2014,"('photographe', 'NOUN')",7,"[(7, 0.765913253491188), (8, 0.11310278677556534)]"
2017,"('physique', 'NOUN')",2,"[(2, 0.3813017557656601), (8, 0.2109674786499743)]"
2019,"('piano', 'NOUN')",7,"[(2, 0.24792023357083015), (7, 0.3862934484998883), (8, 0.10579170981427415)]"
2026,"('pizza', 'NOUN')",8,"[(7, 0.15815582356054247), (8, 0.68955602334557)]"
2032,"('plainte', 'NOUN')",8,"[(7, 0.13686809293224853), (8, 0.691723093287575)]"
2033,"('plaisir', 'NOUN')",7,"[(5, 0.10531422015551241), (7, 0.5954674363859401), (8, 0.1267945849946542)]"
2035,"('plante', 'NOUN')",8,"[(7, 0.10888970070550034), (8, 0.7421202456081232)]"
2038,"('plat', 'NOUN')",7,"[(7, 0.7392260149084345), (8, 0.12053420645763072)]"
2041,"('pluie', 'NOUN')",8,"[(7, 0.10263820941136155), (8, 0.809643942650726)]"
2042,"('plupart', 'NOUN')",8,"[(7, 0.17343663741705934), (8, 0.6690541217604762)]"
2043,"('plus', 'ADV')",3,"[(1, 0.12184539154334478), (3, 0.4203111320743527)]"
2044,"('plus', 'PRON')",5,"[(2, 0.10391422691145408), (3, 0.11891718978522599), (4, 0.1077679801635366), (5, 0.21051649595039873), (7, 0.141459561029396), (8, 0.13236462228840404)]"
2045,"('plusieurs', 'DET')",1,"[(0, 0.109139058184183), (1, 0.4241343441229091)]"
2046,"('plusieurs', 'PRON')",5,"[(3, 0.13273660503719348), (5, 0.18977926804615827), (7, 0.1374292498362059), (8, 0.12591608262250364)]"
2054,"('policier', 'NOUN')",7,"[(7, 0.5815089657211578), (8, 0.15822915759816136)]"
2064,"('porte-parole', 'NOUN')",7,"[(7, 0.7506380901840645), (8, 0.15277805796413615)]"
2069,"('positif', 'ADJ')",9,"[(0, 0.10162109288255725), (9, 0.5341513917716534)]"
2071,"('possession', 'NOUN')",8,"[(7, 0.10525776084685738), (8, 0.7589735575812625)]"
2072,"('possibilité', 'NOUN')",8,"[(7, 0.12307121384861465), (8, 0.7709437490740662)]"
2076,"('potentiel', 'NOUN')",7,"[(7, 0.7561178789014148), (8, 0.12565513944028744)]"
2078,"('pour', 'ADP')",1,"[(1, 0.4185622111413898), (3, 0.17323743789000956)]"
2086,"('poème', 'NOUN')",7,"[(7, 0.6238302529429823), (8, 0.1517873878951128)]"
2093,"('première', 'NOUN')",8,"[(7, 0.1384010385447987), (8, 0.6502247004074364)]"
2096,"('presse', 'NOUN')",8,"[(2, 0.21591639099554077), (7, 0.1121734732265543), (8, 0.46105422778782096)]"
2099,"('preuve', 'NOUN')",8,"[(7, 0.12221695707317988), (8, 0.6627828476254812)]"
2102,"('princesse', 'NOUN')",8,"[(7, 0.1345358518354114), (8, 0.6772996265178926)]"
2107,"('priorité', 'NOUN')",8,"[(7, 0.12135473045081185), (8, 0.7209514964197898)]"
2109,"('prison', 'NOUN')",8,"[(2, 0.23824986279481725), (7, 0.10876410789461606), (8, 0.4571838905400209)]"
2110,"('prisonnier', 'NOUN')",7,"[(7, 0.6394331853812859), (8, 0.10523920478266183)]"
2115,"('probable', 'ADJ')",5,"[(0, 0.10562221123355645), (5, 0.4054656105456702), (7, 0.13123761432479567)]"
2119,"('prochain', 'ADJ')",0,"[(0, 0.4713386301529314), (9, 0.40403942632985224)]"
2120,"('proche', 'ADJ')",5,"[(5, 0.34432781629486187), (7, 0.13043576089991016), (8, 0.1354271074901078)]"
2131,"('professionnalisme', 'NOUN')",7,"[(7, 0.7653502631170308), (8, 0.11883900468276426)]"
2133,"('professionnel', 'NOUN')",7,"[(7, 0.6446159652082638), (8, 0.1249520265792885)]"
2136,"('profond', 'ADJ')",0,"[(0, 0.39336537028760393), (9, 0.3748209919543005)]"
2137,"('profondeur', 'NOUN')",8,"[(7, 0.10069184674562455), (8, 0.7254934478716298)]"
2140,"('progrès', 'NOUN')",7,"[(7, 0.7866567673922327), (8, 0.11866482404491625)]"
2147,"('proportion', 'NOUN')",8,"[(7, 0.12007018356056283), (8, 0.7458221443561165)]"
2148,"('propos', 'NOUN')",7,"[(7, 0.556525752823165), (8, 0.16321964474813755)]"
2163,"('proximité', 'NOUN')",8,"[(7, 0.1514840520951241), (8, 0.642050991529944)]"
2164,"('près', 'ADV')",3,"[(3, 0.20579233677167796), (4, 0.13882259907996447), (5, 0.183514575030694), (7, 0.10711308559113651)]"
2165,"('près', 'PRON')",5,"[(2, 0.12361745101328253), (3, 0.10987744836474309), (4, 0.113533854057204), (5, 0.19109216926886538), (7, 0.140983087456676), (8, 0.12629336529774982)]"
2166,"('précieux', 'ADJ')",0,"[(0, 0.6593419484744285), (9, 0.10633868144406003)]"
2167,"('précipitation', 'NOUN')",8,"[(7, 0.20508170719565558), (8, 0.45117393779595255)]"
2170,"('précédent', 'ADJ')",9,"[(0, 0.10339759490596549), (9, 0.7869383407672078)]"
2177,"('présentation', 'NOUN')",8,"[(7, 0.10183561654603135), (8, 0.8023112440544671)]"
2182,"('présidente', 'NOUN')",8,"[(5, 0.11903254073928718), (7, 0.1680217028266286), (8, 0.5679408882832985)]"
2188,"('prêt', 'ADJ')",5,"[(5, 0.5021532092657519), (7, 0.1040799941153308)]"
2197,"('puis', 'CCONJ')",3,"[(1, 0.20440521215873209), (3, 0.2714630664635661)]"
2198,"('puisque', 'SCONJ')",3,"[(1, 0.134700851499447), (3, 0.3676762010915606)]"
2202,"('pèlerin', 'NOUN')",7,"[(7, 0.5703489114630492), (8, 0.1489675590669674)]"
2203,"('père', 'NOUN')",7,"[(7, 0.6328963433761519), (8, 0.15704224086892896)]"
2205,"('pétrole', 'NOUN')",7,"[(2, 0.14493572163980487), (7, 0.5382013940675111), (8, 0.1156471613592644)]"
2211,"('quand', 'SCONJ')",3,"[(1, 0.10930318951641672), (3, 0.35312029334694905)]"
2213,"('quart', 'NOUN')",7,"[(7, 0.7491851802888008), (8, 0.1352918470161629)]"
2217,"('que', 'ADV')",3,"[(1, 0.18036149722859698), (3, 0.3835143917685362)]"
2218,"('que', 'PRON')",3,"[(1, 0.10361032970009994), (3, 0.3087989448139326), (5, 0.11418592637647162)]"
2219,"('que', 'SCONJ')",3,"[(1, 0.14051652100135814), (3, 0.45607204047123984)]"
2220,"('quel', 'ADJ')",5,"[(5, 0.4420340003307451), (7, 0.1180400632340577), (8, 0.1129219980001798)]"
2221,"('quel', 'DET')",1,"[(0, 0.2470726472834866), (1, 0.2577386642184018)]"
2222,"(""quelqu'un"", 'PRON')",5,"[(3, 0.12667773230900947), (5, 0.23393655943208927), (7, 0.19222078637628845), (8, 0.12518843426964646)]"
2223,"('quelque', 'DET')",1,"[(0, 0.11061118968661635), (1, 0.4450002068559277)]"
2228,"('quoi', 'PRON')",3,"[(2, 0.14156032422529133), (3, 0.19963843503158069), (4, 0.11260404913606209), (5, 0.1039427564715026), (7, 0.10941413073978845), (8, 0.10714404511035301)]"
2236,"('raisonnable', 'ADJ')",5,"[(5, 0.39040399574201007), (7, 0.14429553607153622)]"
2239,"('rapide', 'ADJ')",9,"[(0, 0.1677614194042971), (9, 0.42093624993459383)]"
2245,"('rare', 'ADJ')",5,"[(0, 0.1394142840997961), (5, 0.3206873287667839), (7, 0.14076348097921287), (8, 0.10714416823341102)]"
2249,"('recensement', 'NOUN')",7,"[(7, 0.7013144186831958), (8, 0.1411056245295657)]"
2250,"('recette', 'NOUN')",8,"[(7, 0.1602285685605161), (8, 0.6353777072895994)]"
2260,"('recours', 'NOUN')",7,"[(5, 0.15414885302107129), (7, 0.4992237733191485), (8, 0.14050336330497945)]"
2269,"('reine', 'NOUN')",8,"[(7, 0.14894707463459464), (8, 0.640536648185558)]"
2272,"('relatif', 'ADJ')",9,"[(0, 0.11946446462671495), (5, 0.1026257169786418), (9, 0.45220362249326795)]"
2279,"('remarquable', 'ADJ')",9,"[(0, 0.14325679168404223), (5, 0.20812103948493343), (7, 0.1203810841745946), (9, 0.21779806931221896)]"
2288,"('rendez-vous', 'NOUN')",7,"[(7, 0.6838081995222882), (8, 0.11165612433439132)]"
2294,"('renseignement', 'NOUN')",7,"[(2, 0.12479264148659756), (7, 0.5936950442387443), (8, 0.1137599417475312)]"
2301,"('reprise', 'NOUN')",8,"[(7, 0.16701828002995073), (8, 0.5865029094297124)]"
2311,"('responsable', 'ADJ')",5,"[(5, 0.5748121114777418), (7, 0.1041469161142377)]"
2314,"('ressource', 'NOUN')",8,"[(7, 0.12562370105405174), (8, 0.7189811883687536)]"
2318,"('reste', 'NOUN')",7,"[(7, 0.797729457473805), (8, 0.11361488837711375)]"
2323,"('retour', 'NOUN')",7,"[(7, 0.7883941999931001), (8, 0.11238307264992212)]"
2328,"('revanche', 'NOUN')",8,"[(2, 0.18397326541224565), (7, 0.12077753621144434), (8, 0.21826330687376438)]"
2333,"('riche', 'ADJ')",0,"[(0, 0.3027731452183374), (5, 0.17184549739683866), (7, 0.10125338987299098), (8, 0.109867051596529), (9, 0.12385689347830049)]"
2335,"('rien', 'PRON')",5,"[(3, 0.19393541480297674), (5, 0.20039190978250213), (7, 0.1815985235242373), (8, 0.10827789438004044)]"
2337,"('rival', 'NOUN')",7,"[(5, 0.11454080651914236), (7, 0.3273699333667359), (8, 0.1932556189117507)]"
2340,"('roche', 'NOUN')",8,"[(7, 0.15460835178378077), (8, 0.5723304747270589)]"
2341,"('rock', 'NOUN')",7,"[(7, 0.4547472550748941), (8, 0.1265035542059913)]"
2344,"('romain', 'NOUN')",7,"[(7, 0.49520581365992694), (8, 0.19953168656665954)]"
2354,"('rugby', 'NOUN')",2,"[(2, 0.325673342034416), (7, 0.1601211597224345), (8, 0.10012569108989997)]"
2355,"('ruine', 'NOUN')",8,"[(7, 0.2207165832486616), (8, 0.525096292700071)]"
2360,"('règle', 'NOUN')",8,"[(7, 0.12164828126228087), (8, 0.7749835022054189)]"
2370,"('récent', 'ADJ')",0,"[(0, 0.4353473907218322), (9, 0.16491947671916243)]"
2378,"('réduction', 'NOUN')",8,"[(7, 0.1198838896390339), (8, 0.7713857323140333)]"
2380,"('réel', 'ADJ')",0,"[(0, 0.6519547527944758), (9, 0.237511773013873)]"
2384,"('réfugié', 'NOUN')",7,"[(2, 0.11764092013610848), (7, 0.3879825459832549), (8, 0.13833857737968383)]"
2385,"('référence', 'NOUN')",8,"[(7, 0.1350534979968117), (8, 0.547256459249576)]"
2400,"('réputer', 'VERB')",5,"[(5, 0.5030062737329326), (7, 0.10080849674031152)]"
2418,"('rêve', 'NOUN')",7,"[(7, 0.7236589766146267), (8, 0.11718913718069159)]"
2421,"('saint', 'NOUN')",7,"[(7, 0.653386553069812), (8, 0.12870848019164344)]"
2424,"('salarié', 'NOUN')",7,"[(7, 0.6746497225166873), (8, 0.14680134783249435)]"
2428,"('sanction', 'NOUN')",8,"[(7, 0.10306053391597576), (8, 0.7802094807297448)]"
2429,"('sans', 'ADP')",1,"[(0, 0.10752137428564085), (1, 0.5492396218303712), (3, 0.10793456049878934)]"
2430,"('santé', 'NOUN')",8,"[(7, 0.10321662056731895), (8, 0.6625146866892863)]"
2432,"('satisfait', 'ADJ')",5,"[(5, 0.5040348484686034), (7, 0.10734268405424446)]"
2433,"('sauf', 'ADP')",1,"[(0, 0.10886487121927542), (1, 0.42932326774108376)]"
2436,"('sauvetage', 'NOUN')",2,"[(2, 0.4995136489966591), (7, 0.13874009142192)]"
2439,"('science', 'NOUN')",8,"[(7, 0.1308754774748256), (8, 0.7126339306098075)]"
2441,"('scientifique', 'NOUN')",7,"[(5, 0.1520297331332149), (7, 0.4712587025780755), (8, 0.139451928678249)]"
2444,"('sculpteur', 'NOUN')",7,"[(5, 0.18386068533867841), (7, 0.42786819031308143), (8, 0.14315885365098657)]"
2448,"('scénariste', 'NOUN')",7,"[(5, 0.17606160140744712), (7, 0.36468693363221527), (8, 0.1355774330255672)]"
2449,"('sec', 'ADJ')",9,"[(0, 0.11826743759195898), (9, 0.4775154287098918)]"
2451,"('second', 'NOUN')",7,"[(7, 0.739912361957505), (8, 0.10122164965043486)]"
2453,"('seconde', 'NOUN')",8,"[(2, 0.12228573220097774), (7, 0.13698924547695948), (8, 0.458647803561503)]"
2454,"('secours', 'NOUN')",7,"[(7, 0.7374481102358486), (8, 0.11652663647212728)]"
2456,"('secrétaire', 'NOUN')",7,"[(7, 0.614790811506246), (8, 0.15873019271653718)]"
2460,"('seigneurie', 'NOUN')",8,"[(7, 0.11759996401148347), (8, 0.7914671651174173)]"
2461,"('sein', 'NOUN')",7,"[(7, 0.712036561745131), (8, 0.15501305611731833)]"
2463,"('semaine', 'NOUN')",8,"[(7, 0.10884182997637187), (8, 0.7478678232668934)]"
2464,"('semblable', 'ADJ')",5,"[(0, 0.13814952232757668), (5, 0.327256792537469), (7, 0.10664988204285633), (9, 0.1254071026479467)]"
2468,"('sensible', 'ADJ')",9,"[(0, 0.20177801316104113), (5, 0.1596303977479313), (9, 0.2506782013866541)]"
2469,"('sentiment', 'NOUN')",7,"[(7, 0.8010491829755402), (8, 0.10848676925513698)]"
2471,"('sept', 'NUM')",1,"[(0, 0.10060894145876063), (1, 0.5225051810658999)]"
2472,"('septembre', 'NOUN')",7,"[(2, 0.14209256592573138), (5, 0.10673664773866368), (7, 0.17603612441633915), (8, 0.11245839895026477)]"
2473,"('serbe', 'NOUN')",7,"[(2, 0.1827666286982917), (5, 0.10891092397137771), (7, 0.24048357138333107), (8, 0.132697468913866)]"
2480,"('si', 'ADV')",3,"[(1, 0.1088814124784835), (3, 0.46495811732322145)]"
2481,"('si', 'SCONJ')",3,"[(1, 0.1304114103941379), (3, 0.3500904785037084)]"
2482,"('sien', 'ADJ')",7,"[(7, 0.4981460629810656), (8, 0.2570215864130548)]"
2488,"('similaire', 'ADJ')",9,"[(0, 0.1196404394406396), (5, 0.2288549380770455), (9, 0.2787337266710292)]"
2497,"('siècle', 'NOUN')",7,"[(7, 0.4519157756799572), (8, 0.17115787150151496)]"
2502,"('soi', 'PRON')",3,"[(3, 0.28357145100096165), (5, 0.12384119969548367), (7, 0.10108244658659898)]"
2503,"('soin', 'NOUN')",7,"[(7, 0.6317307132837688), (8, 0.12811908780605843)]"
2504,"('soir', 'NOUN')",7,"[(7, 0.5968369069078965), (8, 0.1197773553532337)]"
2506,"('soit', 'ADV')",1,"[(0, 0.10305407376285075), (1, 0.26397540287532256), (3, 0.2056636082148141)]"
2507,"('soit', 'CCONJ')",1,"[(1, 0.26430820810880884), (3, 0.21581217636185107)]"
2508,"('sol', 'NOUN')",7,"[(7, 0.7372496106993931), (8, 0.11593996610874259)]"
2510,"('soldat', 'NOUN')",7,"[(7, 0.6454453828192874), (8, 0.13653422662951994)]"
2511,"('soleil', 'NOUN')",7,"[(7, 0.7276222215840144), (8, 0.12283338013128828)]"
2514,"('sombre', 'ADJ')",9,"[(0, 0.12082682815186362), (9, 0.6529404772878001)]"
2517,"('son', 'DET')",1,"[(0, 0.17204783919787714), (1, 0.25520871057235434), (3, 0.10259591856791185)]"
2519,"('sondage', 'NOUN')",7,"[(7, 0.74957384151841), (8, 0.11548656241586217)]"
2520,"('sorte', 'NOUN')",8,"[(7, 0.1316543604061778), (8, 0.7201636891271448)]"
2527,"('sourire', 'NOUN')",7,"[(7, 0.7715684003541132), (8, 0.10346920777486511)]"
2528,"('sous', 'ADP')",1,"[(0, 0.10387948084423887), (1, 0.4615201436048367), (3, 0.10206338153510548)]"
2538,"('spectateur', 'NOUN')",7,"[(2, 0.1463078299031654), (7, 0.35087181839819803), (8, 0.12692236826962977)]"
2545,"('spécialiser', 'VERB')",5,"[(5, 0.4594923449379283), (7, 0.1054883815706217)]"
2546,"('spécialiste', 'NOUN')",7,"[(7, 0.6525310068136734), (8, 0.1270555731815421)]"
2548,"('spécifique', 'ADJ')",9,"[(0, 0.11181256457449075), (5, 0.118818512733486), (9, 0.4451808551054007)]"
2552,"('statistique', 'NOUN')",8,"[(7, 0.2117629598039543), (8, 0.5886402483897095)]"
2554,"('statut', 'NOUN')",7,"[(7, 0.7975828353625651), (8, 0.10694926571777581)]"
2561,"('successeur', 'NOUN')",7,"[(7, 0.5901341167406287), (8, 0.16093004553002882)]"
2565,"('sud', 'NOUN')",7,"[(7, 0.739506015536872), (8, 0.11444071484807597)]"
2566,"('sud-est', 'NOUN')",7,"[(7, 0.7484781794529105), (8, 0.11773841673080397)]"
2567,"('sud-ouest', 'NOUN')",7,"[(7, 0.7102181016216672), (8, 0.12923772403082878)]"
2569,"('suffrage', 'NOUN')",7,"[(7, 0.5084794680571455), (8, 0.1802172480509586)]"
2577,"('super', 'ADJ')",0,"[(0, 0.5478410314937209), (1, 0.11878282643463826)]"
2579,"('superficie', 'NOUN')",8,"[(7, 0.1679484785918525), (8, 0.6424614029362035)]"
2583,"('suppression', 'NOUN')",8,"[(7, 0.13822308313623605), (8, 0.7438216974858493)]"
2585,"('supérieur', 'ADJ')",9,"[(0, 0.10035072870362832), (9, 0.6158125310578996)]"
2593,"('survenir', 'VERB')",5,"[(5, 0.47733883193078736), (7, 0.11077665337379493)]"
2595,"('sushi', 'NOUN')",7,"[(2, 0.13463678035616655), (7, 0.4645509199535082), (8, 0.12236561054663611)]"
2599,"('sympa', 'ADJ')",5,"[(5, 0.40621359426656944), (7, 0.12153899079494537)]"
2600,"('sympathique', 'ADJ')",5,"[(5, 0.3887043190622952), (7, 0.13672767865226582)]"
2605,"('sécurité', 'NOUN')",8,"[(2, 0.22389330899303533), (7, 0.10831719838669071), (8, 0.4763114769451966)]"
2606,"('séjour', 'NOUN')",7,"[(7, 0.6817933483021577), (8, 0.14953844618369821)]"
2612,"('sérieux', 'ADJ')",0,"[(0, 0.27411435583898425), (5, 0.11241200816979784), (9, 0.23795281613664657)]"
2613,"('sûr', 'ADJ')",5,"[(5, 0.5750568884619357), (7, 0.11624772303861283)]"
2614,"('sœur', 'NOUN')",8,"[(7, 0.13222748248327895), (8, 0.6754936479367909)]"
2620,"('tard', 'ADV')",3,"[(3, 0.23849471857957494), (5, 0.12055198620821413)]"
2621,"('tarif', 'NOUN')",7,"[(7, 0.5828558164948807), (8, 0.16248586746930793)]"
2626,"('tel', 'ADJ')",0,"[(0, 0.40849133124231723), (9, 0.13284494159063448)]"
2627,"('tel', 'DET')",0,"[(0, 0.21195581662368362), (1, 0.17792591242181427), (8, 0.10655983161396144)]"
2631,"('tendance', 'NOUN')",8,"[(5, 0.13268600629902058), (7, 0.12834832427512996), (8, 0.5016873450198464)]"
2634,"('tennis', 'NOUN')",2,"[(2, 0.43723148553010704), (7, 0.17798852214581298)]"
2650,"('thèse', 'NOUN')",8,"[(7, 0.13321411406842876), (8, 0.6931131230676159)]"
2653,"('tiers', 'NOUN')",7,"[(7, 0.6879951138157591), (8, 0.14425735115172275)]"
2657,"('toi', 'PRON')",3,"[(3, 0.24131119896722125), (5, 0.1396409671356242), (7, 0.11862660306933187), (8, 0.11238859297300352)]"
2658,"('toilette', 'NOUN')",8,"[(7, 0.22349415514941742), (8, 0.44325826352688197)]"
2660,"('tonne', 'NOUN')",8,"[(2, 0.13323404733592728), (5, 0.13738983043135747), (6, 0.10020928314027952), (7, 0.15188357235488423), (8, 0.23094913669151024)]"
2661,"('top', 'NOUN')",7,"[(7, 0.7014351178058909), (8, 0.14383614908613646)]"
2663,"('total', 'NOUN')",7,"[(7, 0.7885276831557816), (8, 0.11288831694926692)]"
2665,"('totalité', 'NOUN')",8,"[(7, 0.11473066473076861), (8, 0.7861267896149574)]"
2671,"('tournage', 'NOUN')",7,"[(7, 0.78051365933495), (8, 0.1097413102724443)]"
2675,"('tout', 'ADJ')",1,"[(0, 0.19376316880101832), (1, 0.3373146563434891)]"
2677,"('tout', 'DET')",1,"[(0, 0.21498644243305967), (1, 0.29606572054580854)]"
2678,"('tout', 'PRON')",7,"[(3, 0.17817613369183463), (5, 0.15646737527104737), (7, 0.205802407394515), (8, 0.11484095043142147)]"
2680,"('trace', 'NOUN')",8,"[(7, 0.1511358235825213), (8, 0.7127601757121834)]"
2688,"('trait', 'NOUN')",7,"[(7, 0.7188576584452481), (8, 0.11224237892099366)]"
2706,"('trimestre', 'NOUN')",7,"[(7, 0.5122310075037587), (8, 0.16133352059179262)]"
2707,"('trois', 'NUM')",1,"[(0, 0.1001112570446848), (1, 0.5364032934506553)]"
2711,"('troupe', 'NOUN')",8,"[(7, 0.1504979228063337), (8, 0.7391684588159866)]"
2713,"('très', 'ADV')",3,"[(1, 0.14055835400139144), (3, 0.40487318380819937)]"
2719,"('typique', 'ADJ')",5,"[(0, 0.10046642849396822), (5, 0.28885138575758856), (7, 0.11595880352883614), (8, 0.12230840536560281), (9, 0.14250903246144098)]"
2726,"('témoin', 'NOUN')",7,"[(5, 0.12593956960888308), (7, 0.6572823807564512), (8, 0.10734461241941672)]"
2728,"('tôt', 'ADV')",3,"[(3, 0.32432237325926605), (5, 0.1324744537361517)]"
2730,"('un', 'DET')",1,"[(0, 0.20917435782115198), (1, 0.26862667407333823)]"
2731,"('un', 'NUM')",1,"[(0, 0.24313161943378817), (1, 0.25082677381652024)]"
2732,"('un', 'PRON')",7,"[(5, 0.23128689293126237), (7, 0.33073492279235095), (8, 0.2463742969114031)]"
2733,"('uni', 'ADJ')",9,"[(0, 0.10456799576247246), (9, 0.35598523816254435)]"
2734,"('union', 'NOUN')",8,"[(7, 0.11943690284633289), (8, 0.7834471538532654)]"
2735,"('unique', 'ADJ')",9,"[(0, 0.19486783072275013), (9, 0.6546213418107877)]"
2738,"('univers', 'NOUN')",7,"[(7, 0.8351148393338007), (8, 0.1044248912374631)]"
2741,"('université', 'NOUN')",8,"[(7, 0.16744063067589504), (8, 0.7283144931510506)]"
2743,"('urgence', 'NOUN')",8,"[(2, 0.12141657404954148), (7, 0.13017952654036288), (8, 0.5715661052455562)]"
2746,"('utile', 'ADJ')",5,"[(5, 0.2576842933159584), (7, 0.1483398632544075), (9, 0.11104224228358861)]"
2748,"('utilisation', 'NOUN')",8,"[(7, 0.16258989317895145), (8, 0.7449699058579794)]"
2750,"('vacance', 'NOUN')",8,"[(7, 0.18793723747403984), (8, 0.5001093577576307)]"
2753,"('vainqueur', 'NOUN')",7,"[(7, 0.6825701528037649), (8, 0.11637118909719855)]"
2758,"('variable', 'ADJ')",5,"[(0, 0.11984863168242271), (5, 0.2627244761072286), (9, 0.20787901418973162)]"
2760,"('varié', 'ADJ')",5,"[(5, 0.26265846336259097), (7, 0.1324807449575713), (8, 0.10607495553023052)]"
2763,"('vendredi', 'NOUN')",7,"[(7, 0.4442506130852875), (8, 0.12265759887983152)]"
2768,"('vers', 'ADP')",1,"[(1, 0.5200593174590392), (3, 0.10483211895908572)]"
2772,"('vestige', 'NOUN')",7,"[(7, 0.6736225883808633), (8, 0.16442484870390897)]"
2775,"('vice-président', 'NOUN')",7,"[(5, 0.10090269243313789), (7, 0.7080100881920217)]"
2776,"('victime', 'NOUN')",8,"[(7, 0.14978646599779544), (8, 0.7174782340314917)]"
2778,"('vidéo', 'ADJ')",9,"[(0, 0.1095187617726682), (9, 0.397172107683843)]"
2779,"('vidéo', 'NOUN')",8,"[(7, 0.1670629960003936), (8, 0.5585377019792129)]"
2782,"('villa', 'NOUN')",8,"[(7, 0.10934774539976624), (8, 0.7732091349935438)]"
2786,"('vingt', 'NUM')",1,"[(0, 0.10492376938849773), (1, 0.46841781265281834)]"
2787,"('vingtaine', 'NOUN')",8,"[(7, 0.16457669679404513), (8, 0.5519911151738343)]"
2789,"('violent', 'ADJ')",0,"[(0, 0.41491323216961684), (9, 0.2567151244812299)]"
2790,"('vis-à-vis', 'ADV')",5,"[(3, 0.11021645631684195), (4, 0.10767953662491972), (5, 0.15102056752099566), (7, 0.11180173056044701), (8, 0.1165326620664652), (9, 0.10518671903455772)]"
2800,"('vivant', 'ADJ')",9,"[(0, 0.11276174545213241), (9, 0.46169290843690997)]"
2804,"('voilà', 'VERB')",5,"[(5, 0.451468090274158), (7, 0.10075564521623041)]"
2806,"('voire', 'CCONJ')",1,"[(0, 0.10553303933838007), (1, 0.29281082218511956), (3, 0.15883286313792)]"
2808,"('voisin', 'NOUN')",7,"[(5, 0.11515975938652549), (7, 0.40971617357876705), (8, 0.1784847180464141)]"
2810,"('voix', 'NOUN')",8,"[(7, 0.1104835064533347), (8, 0.7883505977581942)]"
2818,"('vous', 'PRON')",3,"[(1, 0.11018626204063035), (3, 0.23200127750786764), (5, 0.12773745203241024), (7, 0.10895296725171737), (8, 0.10237374985330389)]"
2820,"('voyageur', 'NOUN')",7,"[(7, 0.603641779468523), (8, 0.15416049414803798)]"
2829,"('web', 'NOUN')",7,"[(0, 0.10112755023802235), (2, 0.10292759428468298), (7, 0.3122969857859734), (8, 0.10935634640546273), (9, 0.11486543644957597)]"
2831,"('y', 'PRON')",3,"[(3, 0.2900753099661866), (5, 0.128221003333878), (7, 0.10154881194563509)]"
2833,"('°', 'NOUN')",7,"[(2, 0.10302563320997635), (5, 0.1541014845900694), (7, 0.1673727699991928), (8, 0.13671652511542345)]"
2835,"('Édouard', 'PROPN')",4,"[(3, 0.135484494829946), (4, 0.436585567770428)]"
2836,"('Égypte', 'PROPN')",2,"[(2, 0.42614272215517596), (7, 0.1646239256386672), (8, 0.2299550314878977)]"
2837,"('État', 'NOUN')",7,"[(7, 0.6395604796849091), (8, 0.1515730894585458)]"
2838,"('États-Unis', 'PROPN')",7,"[(2, 0.12497741294513931), (7, 0.28233750653817746), (8, 0.24844215893339855)]"
2839,"('à', 'ADP')",1,"[(1, 0.5201865951793637), (3, 0.11239499234960415)]"
2841,"('âgé', 'ADJ')",5,"[(0, 0.10210018133889949), (5, 0.3305604036953674), (7, 0.12457580394786413), (8, 0.1058189243178878), (9, 0.1111694259193608)]"
2842,"('âme', 'NOUN')",8,"[(7, 0.11020127687417514), (8, 0.8245700286783211)]"
2843,"('ça', 'PRON')",3,"[(3, 0.22010650556623412), (5, 0.1450084265953305), (7, 0.15246010486347772), (8, 0.10215061809986499)]"
2844,"('ère', 'NOUN')",8,"[(7, 0.11662251024993804), (8, 0.7687669856104039)]"
2845,"('échange', 'NOUN')",7,"[(7, 0.7843306327092623), (8, 0.10357382175753468)]"
2851,"('économie', 'NOUN')",8,"[(7, 0.10000357060309112), (8, 0.8365115757462409)]"
2853,"('économiste', 'NOUN')",7,"[(7, 0.7404386465977194), (8, 0.1239411574314881)]"
2855,"('écoute', 'NOUN')",8,"[(7, 0.21926650104902307), (8, 0.6243966061868823)]"
2856,"('écran', 'NOUN')",7,"[(7, 0.7595709701565808), (8, 0.14953166071783514)]"
2859,"('écrivain', 'NOUN')",7,"[(7, 0.6490635524455627), (8, 0.1261990447910387)]"
2865,"('éducation', 'NOUN')",8,"[(7, 0.12991269842773728), (8, 0.725631244558616)]"
2866,"('égal', 'ADJ')",5,"[(5, 0.39419530065359026), (7, 0.12115665821413844), (8, 0.11741725281858127)]"
2868,"('égalité', 'NOUN')",8,"[(2, 0.18447468161103836), (7, 0.15286656634456278), (8, 0.4134415133647702)]"
2872,"('élection', 'NOUN')",8,"[(7, 0.14924452766187313), (8, 0.7462772194043857)]"
2874,"('électricité', 'NOUN')",8,"[(2, 0.19590436468330574), (7, 0.14295028109809008), (8, 0.41543179877374486)]"
2877,"('élevage', 'NOUN')",7,"[(7, 0.746606620076731), (8, 0.15523659835411627)]"
2879,"('élevé', 'ADJ')",5,"[(5, 0.3754890801049099), (7, 0.14321621275378205), (8, 0.1097434799692673)]"
2882,"('élite', 'NOUN')",8,"[(7, 0.14521686043653842), (8, 0.7561872145286566)]"
2888,"('émotion', 'NOUN')",8,"[(7, 0.1381109634751904), (8, 0.7176965472014935)]"
2894,"('épouse', 'NOUN')",8,"[(7, 0.2049626396309264), (8, 0.42772832772422004)]"
2897,"('équipage', 'NOUN')",7,"[(7, 0.6184304277186491), (8, 0.14964479181152435)]"
2899,"('équipement', 'NOUN')",7,"[(7, 0.7602482151314126), (8, 0.11611261786801635)]"
2904,"('étang', 'NOUN')",7,"[(7, 0.5631000535038521), (8, 0.21344311886141296)]"
2909,"('étrange', 'ADJ')",0,"[(0, 0.31620723297233655), (5, 0.11565868502181276), (7, 0.1183679354333606), (9, 0.178770528915326)]"
2911,"('étranger', 'NOUN')",7,"[(7, 0.5501654288716624), (8, 0.22672595535097897)]"
2913,"('étudiant', 'NOUN')",7,"[(7, 0.6248661587188782), (8, 0.16442704758302532)]"
2915,"('été', 'NOUN')",7,"[(7, 0.7228168997471399), (8, 0.10698536086999813)]"
2919,"('évidence', 'NOUN')",2,"[(2, 0.21516457614354637), (7, 0.11932027548534826), (8, 0.19674657508141516)]"
2926,"('évêque', 'NOUN')",7,"[(7, 0.7453954017524015), (8, 0.11854878107528834)]"
2927,"('être', 'AUX')",3,"[(0, 0.11009323952659923), (1, 0.13284882162651893), (3, 0.22219408152152734), (5, 0.16003423038647963)]"
2929,"('île', 'NOUN')",8,"[(7, 0.11921702901103254), (8, 0.8257710922698186)]"
2930,"('œil', 'NOUN')",7,"[(7, 0.6934441378352377), (8, 0.1573874614503405)]"
2931,"('œuf', 'NOUN')",7,"[(7, 0.6858095715681806), (8, 0.11486580418186182)]"
2934,"('€', 'NOUN')",6,"[(2, 0.14531253727737575), (5, 0.1128141683491435), (6, 0.18818157949609177), (7, 0.12800739534981143), (8, 0.11331590545512354)]"
